,volume,rounded_hour,pressure,sea_pressure,count,direction,tollgate_id,window_time_formatted,travel_time,traj_count,month,is_festival,is_working_day,weekday_0,weekday_1,weekday_2,weekday_3,weekday_4,weekday_5,weekday_6,day_25,day_26,day_27,day_28,day_29,day_30,day_31,hour_8,hour_9,hour_17,hour_18,rounded_min_0,rounded_min_20,rounded_min_40,wind_direction_0.0,wind_direction_30.0,wind_direction_75.0,wind_direction_90.0,wind_direction_105.0,wind_direction_210.0,wind_direction_225.0,wind_direction_300.0,wind_direction_315.0,wind_direction_330.0,wind_direction_345.0,wind_direction_360.0,wind_speed_0.0,wind_speed_1.0,wind_speed_2.0,wind_speed_3.0,wind_speed_4.0,wind_speed_5.0,wind_speed_6.0,temperature_12.0,temperature_14.0,temperature_16.0,temperature_18.0,temperature_20.0,temperature_28.0,rel_humidity_60.0,rel_humidity_70.0,rel_humidity_80.0,rel_humidity_90.0,precipitation_-0.0,precipitation_4.0,day,hour,weekday,time,his_ave
0,57.06,6,1010.2,1015.2,1,0,1,2016-10-25 08:00:00,167.0,2.0,10,0,1,0,0,1,0,0,0,0,1,0,0,0,0,0,0,1,0,0,0,1,0,0,0,1,0,0,0,0,0,0,0,0,0,0,0,0,0,0,1,0,0,0,0,0,1,0,0,0,1,0,0,1,0,25,8,2,08:00:00,53.0
1,281.08,6,1010.2,1015.2,1,1,1,2016-10-25 08:00:00,112.622683262,9.35458167331,10,0,1,0,0,1,0,0,0,0,1,0,0,0,0,0,0,1,0,0,0,1,0,0,0,1,0,0,0,0,0,0,0,0,0,0,0,0,0,0,1,0,0,0,0,0,1,0,0,0,1,0,0,1,0,25,8,2,08:00:00,118.25
2,54.82,6,1010.2,1015.2,1,0,2,2016-10-25 08:00:00,29.25,4.0,10,0,1,0,0,1,0,0,0,0,1,0,0,0,0,0,0,1,0,0,0,1,0,0,0,1,0,0,0,0,0,0,0,0,0,0,0,0,0,0,1,0,0,0,0,0,1,0,0,0,1,0,0,1,0,25,8,2,08:00:00,120.5
3,292.2,6,1010.2,1015.2,1,0,3,2016-10-25 08:00:00,147.333333333,3.0,10,0,1,0,0,1,0,0,0,0,1,0,0,0,0,0,0,1,0,0,0,1,0,0,0,1,0,0,0,0,0,0,0,0,0,0,0,0,0,0,1,0,0,0,0,0,1,0,0,0,1,0,0,1,0,25,8,2,08:00:00,174.75
4,82.33,6,1010.2,1015.2,1,1,3,2016-10-25 08:00:00,112.622683262,9.35458167331,10,0,1,0,0,1,0,0,0,0,1,0,0,0,0,0,0,1,0,0,0,1,0,0,0,1,0,0,0,0,0,0,0,0,0,0,0,0,0,0,1,0,0,0,0,0,1,0,0,0,1,0,0,1,0,25,8,2,08:00:00,121.25
5,67.83,6,1010.2,1015.2,1,0,1,2016-10-25 08:20:00,104.0,3.0,10,0,1,0,0,1,0,0,0,0,1,0,0,0,0,0,0,1,0,0,0,0,1,0,0,1,0,0,0,0,0,0,0,0,0,0,0,0,0,0,1,0,0,0,0,0,1,0,0,0,1,0,0,1,0,25,8,2,08:20:00,46.25
6,275.74,6,1010.2,1015.2,1,1,1,2016-10-25 08:20:00,112.622683262,9.35458167331,10,0,1,0,0,1,0,0,0,0,1,0,0,0,0,0,0,1,0,0,0,0,1,0,0,1,0,0,0,0,0,0,0,0,0,0,0,0,0,0,1,0,0,0,0,0,1,0,0,0,1,0,0,1,0,25,8,2,08:20:00,127.25
7,270.67,6,1010.2,1015.2,1,0,2,2016-10-25 08:20:00,57.2,5.0,10,0,1,0,0,1,0,0,0,0,1,0,0,0,0,0,0,1,0,0,0,0,1,0,0,1,0,0,0,0,0,0,0,0,0,0,0,0,0,0,1,0,0,0,0,0,1,0,0,0,1,0,0,1,0,25,8,2,08:20:00,116.0
8,44.67,6,1010.2,1015.2,1,0,3,2016-10-25 08:20:00,93.0,5.0,10,0,1,0,0,1,0,0,0,0,1,0,0,0,0,0,0,1,0,0,0,0,1,0,0,1,0,0,0,0,0,0,0,0,0,0,0,0,0,0,1,0,0,0,0,0,1,0,0,0,1,0,0,1,0,25,8,2,08:20:00,149.75
9,221.7,6,1010.2,1015.2,1,1,3,2016-10-25 08:20:00,112.622683262,9.35458167331,10,0,1,0,0,1,0,0,0,0,1,0,0,0,0,0,0,1,0,0,0,0,1,0,0,1,0,0,0,0,0,0,0,0,0,0,0,0,0,0,1,0,0,0,0,0,1,0,0,0,1,0,0,1,0,25,8,2,08:20:00,134.75
10,264.78,6,1010.2,1015.2,1,0,1,2016-10-25 08:40:00,147.6,5.0,10,0,1,0,0,1,0,0,0,0,1,0,0,0,0,0,0,1,0,0,0,0,0,1,0,1,0,0,0,0,0,0,0,0,0,0,0,0,0,0,1,0,0,0,0,0,1,0,0,0,1,0,0,1,0,25,8,2,08:40:00,49.5
11,206.55,6,1010.2,1015.2,1,1,1,2016-10-25 08:40:00,112.622683262,9.35458167331,10,0,1,0,0,1,0,0,0,0,1,0,0,0,0,0,0,1,0,0,0,0,0,1,0,1,0,0,0,0,0,0,0,0,0,0,0,0,0,0,1,0,0,0,0,0,1,0,0,0,1,0,0,1,0,25,8,2,08:40:00,125.75
12,241.46,6,1010.2,1015.2,1,0,2,2016-10-25 08:40:00,48.0,10.0,10,0,1,0,0,1,0,0,0,0,1,0,0,0,0,0,0,1,0,0,0,0,0,1,0,1,0,0,0,0,0,0,0,0,0,0,0,0,0,0,1,0,0,0,0,0,1,0,0,0,1,0,0,1,0,25,8,2,08:40:00,120.5
13,240.77,6,1010.2,1015.2,1,0,3,2016-10-25 08:40:00,120.428571429,7.0,10,0,1,0,0,1,0,0,0,0,1,0,0,0,0,0,0,1,0,0,0,0,0,1,0,1,0,0,0,0,0,0,0,0,0,0,0,0,0,0,1,0,0,0,0,0,1,0,0,0,1,0,0,1,0,25,8,2,08:40:00,160.0
14,136.76,6,1010.2,1015.2,1,1,3,2016-10-25 08:40:00,112.622683262,9.35458167331,10,0,1,0,0,1,0,0,0,0,1,0,0,0,0,0,0,1,0,0,0,0,0,1,0,1,0,0,0,0,0,0,0,0,0,0,0,0,0,0,1,0,0,0,0,0,1,0,0,0,1,0,0,1,0,25,8,2,08:40:00,154.75
15,156.14,9,1011.3,1016.3,1,0,1,2016-10-25 09:00:00,138.125,8.0,10,0,1,0,0,1,0,0,0,0,1,0,0,0,0,0,0,0,1,0,0,1,0,0,1,0,0,0,0,0,0,0,0,0,0,0,0,0,0,1,0,0,0,0,0,0,1,0,0,0,0,1,0,1,0,25,9,2,09:00:00,53.75
16,258.28,9,1011.3,1016.3,1,1,1,2016-10-25 09:00:00,112.622683262,9.35458167331,10,0,1,0,0,1,0,0,0,0,1,0,0,0,0,0,0,0,1,0,0,1,0,0,1,0,0,0,0,0,0,0,0,0,0,0,0,0,0,1,0,0,0,0,0,0,1,0,0,0,0,1,0,1,0,25,9,2,09:00:00,123.5
17,24.39,9,1011.3,1016.3,1,0,2,2016-10-25 09:00:00,44.25,8.0,10,0,1,0,0,1,0,0,0,0,1,0,0,0,0,0,0,0,1,0,0,1,0,0,1,0,0,0,0,0,0,0,0,0,0,0,0,0,0,1,0,0,0,0,0,0,1,0,0,0,0,1,0,1,0,25,9,2,09:00:00,104.0
18,198.88,9,1011.3,1016.3,1,0,3,2016-10-25 09:00:00,127.583333333,12.0,10,0,1,0,0,1,0,0,0,0,1,0,0,0,0,0,0,0,1,0,0,1,0,0,1,0,0,0,0,0,0,0,0,0,0,0,0,0,0,1,0,0,0,0,0,0,1,0,0,0,0,1,0,1,0,25,9,2,09:00:00,152.75
19,44.49,9,1011.3,1016.3,1,1,3,2016-10-25 09:00:00,112.622683262,9.35458167331,10,0,1,0,0,1,0,0,0,0,1,0,0,0,0,0,0,0,1,0,0,1,0,0,1,0,0,0,0,0,0,0,0,0,0,0,0,0,0,1,0,0,0,0,0,0,1,0,0,0,0,1,0,1,0,25,9,2,09:00:00,136.5
20,155.41,9,1011.3,1016.3,1,0,1,2016-10-25 09:20:00,158.333333333,3.0,10,0,1,0,0,1,0,0,0,0,1,0,0,0,0,0,0,0,1,0,0,0,1,0,1,0,0,0,0,0,0,0,0,0,0,0,0,0,0,1,0,0,0,0,0,0,1,0,0,0,0,1,0,1,0,25,9,2,09:20:00,54.75
21,173.13,9,1011.3,1016.3,1,1,1,2016-10-25 09:20:00,112.622683262,9.35458167331,10,0,1,0,0,1,0,0,0,0,1,0,0,0,0,0,0,0,1,0,0,0,1,0,1,0,0,0,0,0,0,0,0,0,0,0,0,0,0,1,0,0,0,0,0,0,1,0,0,0,0,1,0,1,0,25,9,2,09:20:00,113.75
22,290.95,9,1011.3,1016.3,1,0,2,2016-10-25 09:20:00,62.1666666667,12.0,10,0,1,0,0,1,0,0,0,0,1,0,0,0,0,0,0,0,1,0,0,0,1,0,1,0,0,0,0,0,0,0,0,0,0,0,0,0,0,1,0,0,0,0,0,0,1,0,0,0,0,1,0,1,0,25,9,2,09:20:00,92.75
23,131.36,9,1011.3,1016.3,1,0,3,2016-10-25 09:20:00,118.222222222,9.0,10,0,1,0,0,1,0,0,0,0,1,0,0,0,0,0,0,0,1,0,0,0,1,0,1,0,0,0,0,0,0,0,0,0,0,0,0,0,0,1,0,0,0,0,0,0,1,0,0,0,0,1,0,1,0,25,9,2,09:20:00,130.25
24,234.07,9,1011.3,1016.3,1,1,3,2016-10-25 09:20:00,112.622683262,9.35458167331,10,0,1,0,0,1,0,0,0,0,1,0,0,0,0,0,0,0,1,0,0,0,1,0,1,0,0,0,0,0,0,0,0,0,0,0,0,0,0,1,0,0,0,0,0,0,1,0,0,0,0,1,0,1,0,25,9,2,09:20:00,145.5
25,80.46,9,1011.3,1016.3,1,0,1,2016-10-25 09:40:00,111.0,4.0,10,0,1,0,0,1,0,0,0,0,1,0,0,0,0,0,0,0,1,0,0,0,0,1,1,0,0,0,0,0,0,0,0,0,0,0,0,0,0,1,0,0,0,0,0,0,1,0,0,0,0,1,0,1,0,25,9,2,09:40:00,48.5
26,271.12,9,1011.3,1016.3,1,1,1,2016-10-25 09:40:00,112.622683262,9.35458167331,10,0,1,0,0,1,0,0,0,0,1,0,0,0,0,0,0,0,1,0,0,0,0,1,1,0,0,0,0,0,0,0,0,0,0,0,0,0,0,1,0,0,0,0,0,0,1,0,0,0,0,1,0,1,0,25,9,2,09:40:00,120.5
27,180.72,9,1011.3,1016.3,1,0,2,2016-10-25 09:40:00,71.0,9.0,10,0,1,0,0,1,0,0,0,0,1,0,0,0,0,0,0,0,1,0,0,0,0,1,1,0,0,0,0,0,0,0,0,0,0,0,0,0,0,1,0,0,0,0,0,0,1,0,0,0,0,1,0,1,0,25,9,2,09:40:00,81.5
28,111.03,9,1011.3,1016.3,1,0,3,2016-10-25 09:40:00,134.466666667,15.0,10,0,1,0,0,1,0,0,0,0,1,0,0,0,0,0,0,0,1,0,0,0,0,1,1,0,0,0,0,0,0,0,0,0,0,0,0,0,0,1,0,0,0,0,0,0,1,0,0,0,0,1,0,1,0,25,9,2,09:40:00,129.0
29,89.1,9,1011.3,1016.3,1,1,3,2016-10-25 09:40:00,112.622683262,9.35458167331,10,0,1,0,0,1,0,0,0,0,1,0,0,0,0,0,0,0,1,0,0,0,0,1,1,0,0,0,0,0,0,0,0,0,0,0,0,0,0,1,0,0,0,0,0,0,1,0,0,0,0,1,0,1,0,25,9,2,09:40:00,114.75
30,50.61,15,1012.1,1017.2,1,0,1,2016-10-25 17:00:00,124.333333333,6.0,10,0,1,0,0,1,0,0,0,0,1,0,0,0,0,0,0,0,0,1,0,1,0,0,0,0,0,0,0,0,0,0,1,0,0,0,0,1,0,0,0,0,0,0,0,1,0,0,0,0,0,0,1,1,0,25,17,2,17:00:00,42.25
31,132.69,15,1012.1,1017.2,1,1,1,2016-10-25 17:00:00,112.622683262,9.35458167331,10,0,1,0,0,1,0,0,0,0,1,0,0,0,0,0,0,0,0,1,0,1,0,0,0,0,0,0,0,0,0,0,1,0,0,0,0,1,0,0,0,0,0,0,0,1,0,0,0,0,0,0,1,1,0,25,17,2,17:00:00,93.25
32,27.34,15,1012.1,1017.2,1,0,2,2016-10-25 17:00:00,81.5,10.0,10,0,1,0,0,1,0,0,0,0,1,0,0,0,0,0,0,0,0,1,0,1,0,0,0,0,0,0,0,0,0,0,1,0,0,0,0,1,0,0,0,0,0,0,0,1,0,0,0,0,0,0,1,1,0,25,17,2,17:00:00,84.75
33,166.39,15,1012.1,1017.2,1,0,3,2016-10-25 17:00:00,110.076923077,13.0,10,0,1,0,0,1,0,0,0,0,1,0,0,0,0,0,0,0,0,1,0,1,0,0,0,0,0,0,0,0,0,0,1,0,0,0,0,1,0,0,0,0,0,0,0,1,0,0,0,0,0,0,1,1,0,25,17,2,17:00:00,121.75
34,100.12,15,1012.1,1017.2,1,1,3,2016-10-25 17:00:00,112.622683262,9.35458167331,10,0,1,0,0,1,0,0,0,0,1,0,0,0,0,0,0,0,0,1,0,1,0,0,0,0,0,0,0,0,0,0,1,0,0,0,0,1,0,0,0,0,0,0,0,1,0,0,0,0,0,0,1,1,0,25,17,2,17:00:00,84.0
35,34.43,15,1012.1,1017.2,1,0,1,2016-10-25 17:20:00,128.0,4.0,10,0,1,0,0,1,0,0,0,0,1,0,0,0,0,0,0,0,0,1,0,0,1,0,0,0,0,0,0,0,0,0,1,0,0,0,0,1,0,0,0,0,0,0,0,1,0,0,0,0,0,0,1,1,0,25,17,2,17:20:00,47.75
36,251.97,15,1012.1,1017.2,1,1,1,2016-10-25 17:20:00,112.622683262,9.35458167331,10,0,1,0,0,1,0,0,0,0,1,0,0,0,0,0,0,0,0,1,0,0,1,0,0,0,0,0,0,0,0,0,1,0,0,0,0,1,0,0,0,0,0,0,0,1,0,0,0,0,0,0,1,1,0,25,17,2,17:20:00,104.25
37,40.79,15,1012.1,1017.2,1,0,2,2016-10-25 17:20:00,66.4666666667,15.0,10,0,1,0,0,1,0,0,0,0,1,0,0,0,0,0,0,0,0,1,0,0,1,0,0,0,0,0,0,0,0,0,1,0,0,0,0,1,0,0,0,0,0,0,0,1,0,0,0,0,0,0,1,1,0,25,17,2,17:20:00,57.0
38,265.94,15,1012.1,1017.2,1,0,3,2016-10-25 17:20:00,100.105263158,19.0,10,0,1,0,0,1,0,0,0,0,1,0,0,0,0,0,0,0,0,1,0,0,1,0,0,0,0,0,0,0,0,0,1,0,0,0,0,1,0,0,0,0,0,0,0,1,0,0,0,0,0,0,1,1,0,25,17,2,17:20:00,118.0
39,220.96,15,1012.1,1017.2,1,1,3,2016-10-25 17:20:00,112.622683262,9.35458167331,10,0,1,0,0,1,0,0,0,0,1,0,0,0,0,0,0,0,0,1,0,0,1,0,0,0,0,0,0,0,0,0,1,0,0,0,0,1,0,0,0,0,0,0,0,1,0,0,0,0,0,0,1,1,0,25,17,2,17:20:00,80.75
40,209.33,15,1012.1,1017.2,1,0,1,2016-10-25 17:40:00,140.0,6.0,10,0,1,0,0,1,0,0,0,0,1,0,0,0,0,0,0,0,0,1,0,0,0,1,0,0,0,0,0,0,0,0,1,0,0,0,0,1,0,0,0,0,0,0,0,1,0,0,0,0,0,0,1,1,0,25,17,2,17:40:00,32.5
41,97.79,15,1012.1,1017.2,1,1,1,2016-10-25 17:40:00,112.622683262,9.35458167331,10,0,1,0,0,1,0,0,0,0,1,0,0,0,0,0,0,0,0,1,0,0,0,1,0,0,0,0,0,0,0,0,1,0,0,0,0,1,0,0,0,0,0,0,0,1,0,0,0,0,0,0,1,1,0,25,17,2,17:40:00,121.5
42,281.57,15,1012.1,1017.2,1,0,2,2016-10-25 17:40:00,99.3888888889,18.0,10,0,1,0,0,1,0,0,0,0,1,0,0,0,0,0,0,0,0,1,0,0,0,1,0,0,0,0,0,0,0,0,1,0,0,0,0,1,0,0,0,0,0,0,0,1,0,0,0,0,0,0,1,1,0,25,17,2,17:40:00,71.75
43,299.93,15,1012.1,1017.2,1,0,3,2016-10-25 17:40:00,110.5,22.0,10,0,1,0,0,1,0,0,0,0,1,0,0,0,0,0,0,0,0,1,0,0,0,1,0,0,0,0,0,0,0,0,1,0,0,0,0,1,0,0,0,0,0,0,0,1,0,0,0,0,0,0,1,1,0,25,17,2,17:40:00,99.5
44,50.73,15,1012.1,1017.2,1,1,3,2016-10-25 17:40:00,112.622683262,9.35458167331,10,0,1,0,0,1,0,0,0,0,1,0,0,0,0,0,0,0,0,1,0,0,0,1,0,0,0,0,0,0,0,0,1,0,0,0,0,1,0,0,0,0,0,0,0,1,0,0,0,0,0,0,1,1,0,25,17,2,17:40:00,98.0
45,92.99,18,1011.9,1017.0,1,0,1,2016-10-25 18:00:00,151.888888889,9.0,10,0,1,0,0,1,0,0,0,0,1,0,0,0,0,0,0,0,0,0,1,1,0,0,0,0,0,0,0,0,0,0,0,1,0,0,0,0,1,0,0,0,0,0,0,1,0,0,0,0,0,0,1,0,1,25,18,2,18:00:00,27.5
46,58.89,18,1011.9,1017.0,1,1,1,2016-10-25 18:00:00,112.622683262,9.35458167331,10,0,1,0,0,1,0,0,0,0,1,0,0,0,0,0,0,0,0,0,1,1,0,0,0,0,0,0,0,0,0,0,0,1,0,0,0,0,1,0,0,0,0,0,0,1,0,0,0,0,0,0,1,0,1,25,18,2,18:00:00,73.25
47,102.35,18,1011.9,1017.0,1,0,2,2016-10-25 18:00:00,73.2777777778,18.0,10,0,1,0,0,1,0,0,0,0,1,0,0,0,0,0,0,0,0,0,1,1,0,0,0,0,0,0,0,0,0,0,0,1,0,0,0,0,1,0,0,0,0,0,0,1,0,0,0,0,0,0,1,0,1,25,18,2,18:00:00,58.25
48,165.2,18,1011.9,1017.0,1,0,3,2016-10-25 18:00:00,109.526315789,19.0,10,0,1,0,0,1,0,0,0,0,1,0,0,0,0,0,0,0,0,0,1,1,0,0,0,0,0,0,0,0,0,0,0,1,0,0,0,0,1,0,0,0,0,0,0,1,0,0,0,0,0,0,1,0,1,25,18,2,18:00:00,93.0
49,36.82,18,1011.9,1017.0,1,1,3,2016-10-25 18:00:00,112.622683262,9.35458167331,10,0,1,0,0,1,0,0,0,0,1,0,0,0,0,0,0,0,0,0,1,1,0,0,0,0,0,0,0,0,0,0,0,1,0,0,0,0,1,0,0,0,0,0,0,1,0,0,0,0,0,0,1,0,1,25,18,2,18:00:00,81.0
50,291.09,18,1011.9,1017.0,1,0,1,2016-10-25 18:20:00,219.0,5.0,10,0,1,0,0,1,0,0,0,0,1,0,0,0,0,0,0,0,0,0,1,0,1,0,0,0,0,0,0,0,0,0,0,1,0,0,0,0,1,0,0,0,0,0,0,1,0,0,0,0,0,0,1,0,1,25,18,2,18:20:00,25.75
51,219.58,18,1011.9,1017.0,1,1,1,2016-10-25 18:20:00,112.622683262,9.35458167331,10,0,1,0,0,1,0,0,0,0,1,0,0,0,0,0,0,0,0,0,1,0,1,0,0,0,0,0,0,0,0,0,0,1,0,0,0,0,1,0,0,0,0,0,0,1,0,0,0,0,0,0,1,0,1,25,18,2,18:20:00,78.0
52,290.82,18,1011.9,1017.0,1,0,2,2016-10-25 18:20:00,81.4,15.0,10,0,1,0,0,1,0,0,0,0,1,0,0,0,0,0,0,0,0,0,1,0,1,0,0,0,0,0,0,0,0,0,0,1,0,0,0,0,1,0,0,0,0,0,0,1,0,0,0,0,0,0,1,0,1,25,18,2,18:20:00,58.25
53,73.6,18,1011.9,1017.0,1,0,3,2016-10-25 18:20:00,124.105263158,19.0,10,0,1,0,0,1,0,0,0,0,1,0,0,0,0,0,0,0,0,0,1,0,1,0,0,0,0,0,0,0,0,0,0,1,0,0,0,0,1,0,0,0,0,0,0,1,0,0,0,0,0,0,1,0,1,25,18,2,18:20:00,77.5
54,127.38,18,1011.9,1017.0,1,1,3,2016-10-25 18:20:00,112.622683262,9.35458167331,10,0,1,0,0,1,0,0,0,0,1,0,0,0,0,0,0,0,0,0,1,0,1,0,0,0,0,0,0,0,0,0,0,1,0,0,0,0,1,0,0,0,0,0,0,1,0,0,0,0,0,0,1,0,1,25,18,2,18:20:00,76.5
55,195.3,18,1011.9,1017.0,1,0,1,2016-10-25 18:40:00,133.333333333,3.0,10,0,1,0,0,1,0,0,0,0,1,0,0,0,0,0,0,0,0,0,1,0,0,1,0,0,0,0,0,0,0,0,0,1,0,0,0,0,1,0,0,0,0,0,0,1,0,0,0,0,0,0,1,0,1,25,18,2,18:40:00,18.0
56,270.77,18,1011.9,1017.0,1,1,1,2016-10-25 18:40:00,112.622683262,9.35458167331,10,0,1,0,0,1,0,0,0,0,1,0,0,0,0,0,0,0,0,0,1,0,0,1,0,0,0,0,0,0,0,0,0,1,0,0,0,0,1,0,0,0,0,0,0,1,0,0,0,0,0,0,1,0,1,25,18,2,18:40:00,54.5
57,244.95,18,1011.9,1017.0,1,0,2,2016-10-25 18:40:00,70.4285714286,7.0,10,0,1,0,0,1,0,0,0,0,1,0,0,0,0,0,0,0,0,0,1,0,0,1,0,0,0,0,0,0,0,0,0,1,0,0,0,0,1,0,0,0,0,0,0,1,0,0,0,0,0,0,1,0,1,25,18,2,18:40:00,53.0
58,159.55,18,1011.9,1017.0,1,0,3,2016-10-25 18:40:00,99.4736842105,19.0,10,0,1,0,0,1,0,0,0,0,1,0,0,0,0,0,0,0,0,0,1,0,0,1,0,0,0,0,0,0,0,0,0,1,0,0,0,0,1,0,0,0,0,0,0,1,0,0,0,0,0,0,1,0,1,25,18,2,18:40:00,62.0
59,277.86,18,1011.9,1017.0,1,1,3,2016-10-25 18:40:00,112.622683262,9.35458167331,10,0,1,0,0,1,0,0,0,0,1,0,0,0,0,0,0,0,0,0,1,0,0,1,0,0,0,0,0,0,0,0,0,1,0,0,0,0,1,0,0,0,0,0,0,1,0,0,0,0,0,0,1,0,1,25,18,2,18:40:00,78.5
60,261.65,6,1007.7,1012.7,1,0,1,2016-10-26 08:00:00,104.333333333,3.0,10,0,1,0,0,0,1,0,0,0,0,1,0,0,0,0,0,1,0,0,0,1,0,0,0,0,0,0,0,1,0,0,0,0,0,0,0,0,1,0,0,0,0,0,0,0,0,0,1,1,0,0,0,1,0,26,8,3,08:00:00,85.75
61,277.46,6,1007.7,1012.7,1,1,1,2016-10-26 08:00:00,112.622683262,9.35458167331,10,0,1,0,0,0,1,0,0,0,0,1,0,0,0,0,0,1,0,0,0,1,0,0,0,0,0,0,0,1,0,0,0,0,0,0,0,0,1,0,0,0,0,0,0,0,0,0,1,1,0,0,0,1,0,26,8,3,08:00:00,106.75
62,44.87,6,1007.7,1012.7,1,0,2,2016-10-26 08:00:00,56.125,8.0,10,0,1,0,0,0,1,0,0,0,0,1,0,0,0,0,0,1,0,0,0,1,0,0,0,0,0,0,0,1,0,0,0,0,0,0,0,0,1,0,0,0,0,0,0,0,0,0,1,1,0,0,0,1,0,26,8,3,08:00:00,81.25
63,40.96,6,1007.7,1012.7,1,0,3,2016-10-26 08:00:00,74.75,4.0,10,0,1,0,0,0,1,0,0,0,0,1,0,0,0,0,0,1,0,0,0,1,0,0,0,0,0,0,0,1,0,0,0,0,0,0,0,0,1,0,0,0,0,0,0,0,0,0,1,1,0,0,0,1,0,26,8,3,08:00:00,140.5
64,97.84,6,1007.7,1012.7,1,1,3,2016-10-26 08:00:00,112.622683262,9.35458167331,10,0,1,0,0,0,1,0,0,0,0,1,0,0,0,0,0,1,0,0,0,1,0,0,0,0,0,0,0,1,0,0,0,0,0,0,0,0,1,0,0,0,0,0,0,0,0,0,1,1,0,0,0,1,0,26,8,3,08:00:00,112.5
65,190.16,6,1007.7,1012.7,1,0,1,2016-10-26 08:20:00,230.5,2.0,10,0,1,0,0,0,1,0,0,0,0,1,0,0,0,0,0,1,0,0,0,0,1,0,0,0,0,0,0,1,0,0,0,0,0,0,0,0,1,0,0,0,0,0,0,0,0,0,1,1,0,0,0,1,0,26,8,3,08:20:00,91.75
66,152.35,6,1007.7,1012.7,1,1,1,2016-10-26 08:20:00,112.622683262,9.35458167331,10,0,1,0,0,0,1,0,0,0,0,1,0,0,0,0,0,1,0,0,0,0,1,0,0,0,0,0,0,1,0,0,0,0,0,0,0,0,1,0,0,0,0,0,0,0,0,0,1,1,0,0,0,1,0,26,8,3,08:20:00,108.0
67,237.98,6,1007.7,1012.7,1,0,2,2016-10-26 08:20:00,59.0,2.0,10,0,1,0,0,0,1,0,0,0,0,1,0,0,0,0,0,1,0,0,0,0,1,0,0,0,0,0,0,1,0,0,0,0,0,0,0,0,1,0,0,0,0,0,0,0,0,0,1,1,0,0,0,1,0,26,8,3,08:20:00,80.75
68,43.75,6,1007.7,1012.7,1,0,3,2016-10-26 08:20:00,152.166666667,6.0,10,0,1,0,0,0,1,0,0,0,0,1,0,0,0,0,0,1,0,0,0,0,1,0,0,0,0,0,0,1,0,0,0,0,0,0,0,0,1,0,0,0,0,0,0,0,0,0,1,1,0,0,0,1,0,26,8,3,08:20:00,152.25
69,211.89,6,1007.7,1012.7,1,1,3,2016-10-26 08:20:00,112.622683262,9.35458167331,10,0,1,0,0,0,1,0,0,0,0,1,0,0,0,0,0,1,0,0,0,0,1,0,0,0,0,0,0,1,0,0,0,0,0,0,0,0,1,0,0,0,0,0,0,0,0,0,1,1,0,0,0,1,0,26,8,3,08:20:00,120.75
70,263.27,6,1007.7,1012.7,1,0,1,2016-10-26 08:40:00,197.0,3.0,10,0,1,0,0,0,1,0,0,0,0,1,0,0,0,0,0,1,0,0,0,0,0,1,0,0,0,0,0,1,0,0,0,0,0,0,0,0,1,0,0,0,0,0,0,0,0,0,1,1,0,0,0,1,0,26,8,3,08:40:00,71.5
71,107.49,6,1007.7,1012.7,1,1,1,2016-10-26 08:40:00,112.622683262,9.35458167331,10,0,1,0,0,0,1,0,0,0,0,1,0,0,0,0,0,1,0,0,0,0,0,1,0,0,0,0,0,1,0,0,0,0,0,0,0,0,1,0,0,0,0,0,0,0,0,0,1,1,0,0,0,1,0,26,8,3,08:40:00,113.75
72,37.15,6,1007.7,1012.7,1,0,2,2016-10-26 08:40:00,68.8,5.0,10,0,1,0,0,0,1,0,0,0,0,1,0,0,0,0,0,1,0,0,0,0,0,1,0,0,0,0,0,1,0,0,0,0,0,0,0,0,1,0,0,0,0,0,0,0,0,0,1,1,0,0,0,1,0,26,8,3,08:40:00,82.25
73,276.68,6,1007.7,1012.7,1,0,3,2016-10-26 08:40:00,117.6,10.0,10,0,1,0,0,0,1,0,0,0,0,1,0,0,0,0,0,1,0,0,0,0,0,1,0,0,0,0,0,1,0,0,0,0,0,0,0,0,1,0,0,0,0,0,0,0,0,0,1,1,0,0,0,1,0,26,8,3,08:40:00,140.75
74,147.72,6,1007.7,1012.7,1,1,3,2016-10-26 08:40:00,112.622683262,9.35458167331,10,0,1,0,0,0,1,0,0,0,0,1,0,0,0,0,0,1,0,0,0,0,0,1,0,0,0,0,0,1,0,0,0,0,0,0,0,0,1,0,0,0,0,0,0,0,0,0,1,1,0,0,0,1,0,26,8,3,08:40:00,136.75
75,76.13,9,1010.2,1015.2,1,0,1,2016-10-26 09:00:00,153.8,5.0,10,0,1,0,0,0,1,0,0,0,0,1,0,0,0,0,0,0,1,0,0,1,0,0,0,0,0,0,0,0,0,0,0,0,1,0,0,0,0,0,0,1,0,0,0,0,0,1,0,0,0,1,0,1,0,26,9,3,09:00:00,61.5
76,197.4,9,1010.2,1015.2,1,1,1,2016-10-26 09:00:00,112.622683262,9.35458167331,10,0,1,0,0,0,1,0,0,0,0,1,0,0,0,0,0,0,1,0,0,1,0,0,0,0,0,0,0,0,0,0,0,0,1,0,0,0,0,0,0,1,0,0,0,0,0,1,0,0,0,1,0,1,0,26,9,3,09:00:00,118.5
77,117.96,9,1010.2,1015.2,1,0,2,2016-10-26 09:00:00,63.4,5.0,10,0,1,0,0,0,1,0,0,0,0,1,0,0,0,0,0,0,1,0,0,1,0,0,0,0,0,0,0,0,0,0,0,0,1,0,0,0,0,0,0,1,0,0,0,0,0,1,0,0,0,1,0,1,0,26,9,3,09:00:00,88.5
78,131.09,9,1010.2,1015.2,1,0,3,2016-10-26 09:00:00,197.166666667,6.0,10,0,1,0,0,0,1,0,0,0,0,1,0,0,0,0,0,0,1,0,0,1,0,0,0,0,0,0,0,0,0,0,0,0,1,0,0,0,0,0,0,1,0,0,0,0,0,1,0,0,0,1,0,1,0,26,9,3,09:00:00,143.75
79,119.57,9,1010.2,1015.2,1,1,3,2016-10-26 09:00:00,112.622683262,9.35458167331,10,0,1,0,0,0,1,0,0,0,0,1,0,0,0,0,0,0,1,0,0,1,0,0,0,0,0,0,0,0,0,0,0,0,1,0,0,0,0,0,0,1,0,0,0,0,0,1,0,0,0,1,0,1,0,26,9,3,09:00:00,130.5
80,201.08,9,1010.2,1015.2,1,0,1,2016-10-26 09:20:00,72.0,1.0,10,0,1,0,0,0,1,0,0,0,0,1,0,0,0,0,0,0,1,0,0,0,1,0,0,0,0,0,0,0,0,0,0,0,1,0,0,0,0,0,0,1,0,0,0,0,0,1,0,0,0,1,0,1,0,26,9,3,09:20:00,66.25
81,13.42,9,1010.2,1015.2,1,1,1,2016-10-26 09:20:00,112.622683262,9.35458167331,10,0,1,0,0,0,1,0,0,0,0,1,0,0,0,0,0,0,1,0,0,0,1,0,0,0,0,0,0,0,0,0,0,0,1,0,0,0,0,0,0,1,0,0,0,0,0,1,0,0,0,1,0,1,0,26,9,3,09:20:00,112.25
82,267.59,9,1010.2,1015.2,1,0,2,2016-10-26 09:20:00,107.363636364,11.0,10,0,1,0,0,0,1,0,0,0,0,1,0,0,0,0,0,0,1,0,0,0,1,0,0,0,0,0,0,0,0,0,0,0,1,0,0,0,0,0,0,1,0,0,0,0,0,1,0,0,0,1,0,1,0,26,9,3,09:20:00,82.75
83,87.48,9,1010.2,1015.2,1,0,3,2016-10-26 09:20:00,126.75,12.0,10,0,1,0,0,0,1,0,0,0,0,1,0,0,0,0,0,0,1,0,0,0,1,0,0,0,0,0,0,0,0,0,0,0,1,0,0,0,0,0,0,1,0,0,0,0,0,1,0,0,0,1,0,1,0,26,9,3,09:20:00,126.5
84,248.54,9,1010.2,1015.2,1,1,3,2016-10-26 09:20:00,112.622683262,9.35458167331,10,0,1,0,0,0,1,0,0,0,0,1,0,0,0,0,0,0,1,0,0,0,1,0,0,0,0,0,0,0,0,0,0,0,1,0,0,0,0,0,0,1,0,0,0,0,0,1,0,0,0,1,0,1,0,26,9,3,09:20:00,105.0
85,110.46,9,1010.2,1015.2,1,0,1,2016-10-26 09:40:00,143.625,8.0,10,0,1,0,0,0,1,0,0,0,0,1,0,0,0,0,0,0,1,0,0,0,0,1,0,0,0,0,0,0,0,0,0,0,1,0,0,0,0,0,0,1,0,0,0,0,0,1,0,0,0,1,0,1,0,26,9,3,09:40:00,70.5
86,250.25,9,1010.2,1015.2,1,1,1,2016-10-26 09:40:00,112.622683262,9.35458167331,10,0,1,0,0,0,1,0,0,0,0,1,0,0,0,0,0,0,1,0,0,0,0,1,0,0,0,0,0,0,0,0,0,0,1,0,0,0,0,0,0,1,0,0,0,0,0,1,0,0,0,1,0,1,0,26,9,3,09:40:00,109.0
87,10.03,9,1010.2,1015.2,1,0,2,2016-10-26 09:40:00,43.7142857143,7.0,10,0,1,0,0,0,1,0,0,0,0,1,0,0,0,0,0,0,1,0,0,0,0,1,0,0,0,0,0,0,0,0,0,0,1,0,0,0,0,0,0,1,0,0,0,0,0,1,0,0,0,1,0,1,0,26,9,3,09:40:00,69.5
88,259.33,9,1010.2,1015.2,1,0,3,2016-10-26 09:40:00,136.428571429,14.0,10,0,1,0,0,0,1,0,0,0,0,1,0,0,0,0,0,0,1,0,0,0,0,1,0,0,0,0,0,0,0,0,0,0,1,0,0,0,0,0,0,1,0,0,0,0,0,1,0,0,0,1,0,1,0,26,9,3,09:40:00,128.75
89,92.16,9,1010.2,1015.2,1,1,3,2016-10-26 09:40:00,112.622683262,9.35458167331,10,0,1,0,0,0,1,0,0,0,0,1,0,0,0,0,0,0,1,0,0,0,0,1,0,0,0,0,0,0,0,0,0,0,1,0,0,0,0,0,0,1,0,0,0,0,0,1,0,0,0,1,0,1,0,26,9,3,09:40:00,91.75
90,201.82,15,1013.8,1018.8,1,0,1,2016-10-26 17:00:00,122.0,2.0,10,0,1,0,0,0,1,0,0,0,0,1,0,0,0,0,0,0,0,1,0,1,0,0,0,0,0,0,0,0,0,0,0,1,0,0,0,0,1,0,0,0,0,0,0,0,1,0,0,0,0,0,1,1,0,26,17,3,17:00:00,38.0
91,213.41,15,1013.8,1018.8,1,1,1,2016-10-26 17:00:00,112.622683262,9.35458167331,10,0,1,0,0,0,1,0,0,0,0,1,0,0,0,0,0,0,0,1,0,1,0,0,0,0,0,0,0,0,0,0,0,1,0,0,0,0,1,0,0,0,0,0,0,0,1,0,0,0,0,0,1,1,0,26,17,3,17:00:00,89.75
92,149.5,15,1013.8,1018.8,1,0,2,2016-10-26 17:00:00,74.8666666667,15.0,10,0,1,0,0,0,1,0,0,0,0,1,0,0,0,0,0,0,0,1,0,1,0,0,0,0,0,0,0,0,0,0,0,1,0,0,0,0,1,0,0,0,0,0,0,0,1,0,0,0,0,0,1,1,0,26,17,3,17:00:00,78.25
93,123.29,15,1013.8,1018.8,1,0,3,2016-10-26 17:00:00,113.55,20.0,10,0,1,0,0,0,1,0,0,0,0,1,0,0,0,0,0,0,0,1,0,1,0,0,0,0,0,0,0,0,0,0,0,1,0,0,0,0,1,0,0,0,0,0,0,0,1,0,0,0,0,0,1,1,0,26,17,3,17:00:00,116.0
94,44.83,15,1013.8,1018.8,1,1,3,2016-10-26 17:00:00,112.622683262,9.35458167331,10,0,1,0,0,0,1,0,0,0,0,1,0,0,0,0,0,0,0,1,0,1,0,0,0,0,0,0,0,0,0,0,0,1,0,0,0,0,1,0,0,0,0,0,0,0,1,0,0,0,0,0,1,1,0,26,17,3,17:00:00,82.75
95,295.94,15,1013.8,1018.8,1,0,1,2016-10-26 17:20:00,203.0,1.0,10,0,1,0,0,0,1,0,0,0,0,1,0,0,0,0,0,0,0,1,0,0,1,0,0,0,0,0,0,0,0,0,0,1,0,0,0,0,1,0,0,0,0,0,0,0,1,0,0,0,0,0,1,1,0,26,17,3,17:20:00,31.75
96,285.62,15,1013.8,1018.8,1,1,1,2016-10-26 17:20:00,112.622683262,9.35458167331,10,0,1,0,0,0,1,0,0,0,0,1,0,0,0,0,0,0,0,1,0,0,1,0,0,0,0,0,0,0,0,0,0,1,0,0,0,0,1,0,0,0,0,0,0,0,1,0,0,0,0,0,1,1,0,26,17,3,17:20:00,115.5
97,241.33,15,1013.8,1018.8,1,0,2,2016-10-26 17:20:00,55.5625,16.0,10,0,1,0,0,0,1,0,0,0,0,1,0,0,0,0,0,0,0,1,0,0,1,0,0,0,0,0,0,0,0,0,0,1,0,0,0,0,1,0,0,0,0,0,0,0,1,0,0,0,0,0,1,1,0,26,17,3,17:20:00,73.5
98,212.52,15,1013.8,1018.8,1,0,3,2016-10-26 17:20:00,122.235294118,17.0,10,0,1,0,0,0,1,0,0,0,0,1,0,0,0,0,0,0,0,1,0,0,1,0,0,0,0,0,0,0,0,0,0,1,0,0,0,0,1,0,0,0,0,0,0,0,1,0,0,0,0,0,1,1,0,26,17,3,17:20:00,118.5
99,176.72,15,1013.8,1018.8,1,1,3,2016-10-26 17:20:00,112.622683262,9.35458167331,10,0,1,0,0,0,1,0,0,0,0,1,0,0,0,0,0,0,0,1,0,0,1,0,0,0,0,0,0,0,0,0,0,1,0,0,0,0,1,0,0,0,0,0,0,0,1,0,0,0,0,0,1,1,0,26,17,3,17:20:00,82.5
100,120.68,15,1013.8,1018.8,1,0,1,2016-10-26 17:40:00,135.5,6.0,10,0,1,0,0,0,1,0,0,0,0,1,0,0,0,0,0,0,0,1,0,0,0,1,0,0,0,0,0,0,0,0,0,1,0,0,0,0,1,0,0,0,0,0,0,0,1,0,0,0,0,0,1,1,0,26,17,3,17:40:00,27.75
101,271.67,15,1013.8,1018.8,1,1,1,2016-10-26 17:40:00,112.622683262,9.35458167331,10,0,1,0,0,0,1,0,0,0,0,1,0,0,0,0,0,0,0,1,0,0,0,1,0,0,0,0,0,0,0,0,0,1,0,0,0,0,1,0,0,0,0,0,0,0,1,0,0,0,0,0,1,1,0,26,17,3,17:40:00,111.75
102,69.22,15,1013.8,1018.8,1,0,2,2016-10-26 17:40:00,65.0666666667,15.0,10,0,1,0,0,0,1,0,0,0,0,1,0,0,0,0,0,0,0,1,0,0,0,1,0,0,0,0,0,0,0,0,0,1,0,0,0,0,1,0,0,0,0,0,0,0,1,0,0,0,0,0,1,1,0,26,17,3,17:40:00,73.0
103,233.91,15,1013.8,1018.8,1,0,3,2016-10-26 17:40:00,112.285714286,21.0,10,0,1,0,0,0,1,0,0,0,0,1,0,0,0,0,0,0,0,1,0,0,0,1,0,0,0,0,0,0,0,0,0,1,0,0,0,0,1,0,0,0,0,0,0,0,1,0,0,0,0,0,1,1,0,26,17,3,17:40:00,105.0
104,248.58,15,1013.8,1018.8,1,1,3,2016-10-26 17:40:00,112.622683262,9.35458167331,10,0,1,0,0,0,1,0,0,0,0,1,0,0,0,0,0,0,0,1,0,0,0,1,0,0,0,0,0,0,0,0,0,1,0,0,0,0,1,0,0,0,0,0,0,0,1,0,0,0,0,0,1,1,0,26,17,3,17:40:00,87.0
105,289.8,18,1013.3,1018.3,1,0,1,2016-10-26 18:00:00,132.5,2.0,10,0,1,0,0,0,1,0,0,0,0,1,0,0,0,0,0,0,0,0,1,1,0,0,0,1,0,0,0,0,0,0,0,0,0,0,0,0,1,0,0,0,0,0,0,0,1,0,0,0,0,0,1,1,0,26,18,3,18:00:00,25.5
106,80.13,18,1013.3,1018.3,1,1,1,2016-10-26 18:00:00,112.622683262,9.35458167331,10,0,1,0,0,0,1,0,0,0,0,1,0,0,0,0,0,0,0,0,1,1,0,0,0,1,0,0,0,0,0,0,0,0,0,0,0,0,1,0,0,0,0,0,0,0,1,0,0,0,0,0,1,1,0,26,18,3,18:00:00,66.25
107,27.67,18,1013.3,1018.3,1,0,2,2016-10-26 18:00:00,65.6923076923,13.0,10,0,1,0,0,0,1,0,0,0,0,1,0,0,0,0,0,0,0,0,1,1,0,0,0,1,0,0,0,0,0,0,0,0,0,0,0,0,1,0,0,0,0,0,0,0,1,0,0,0,0,0,1,1,0,26,18,3,18:00:00,58.0
108,80.3,18,1013.3,1018.3,1,0,3,2016-10-26 18:00:00,98.28,25.0,10,0,1,0,0,0,1,0,0,0,0,1,0,0,0,0,0,0,0,0,1,1,0,0,0,1,0,0,0,0,0,0,0,0,0,0,0,0,1,0,0,0,0,0,0,0,1,0,0,0,0,0,1,1,0,26,18,3,18:00:00,83.75
109,52.51,18,1013.3,1018.3,1,1,3,2016-10-26 18:00:00,112.622683262,9.35458167331,10,0,1,0,0,0,1,0,0,0,0,1,0,0,0,0,0,0,0,0,1,1,0,0,0,1,0,0,0,0,0,0,0,0,0,0,0,0,1,0,0,0,0,0,0,0,1,0,0,0,0,0,1,1,0,26,18,3,18:00:00,73.5
110,130.44,18,1013.3,1018.3,1,0,1,2016-10-26 18:20:00,176.333333333,6.0,10,0,1,0,0,0,1,0,0,0,0,1,0,0,0,0,0,0,0,0,1,0,1,0,0,1,0,0,0,0,0,0,0,0,0,0,0,0,1,0,0,0,0,0,0,0,1,0,0,0,0,0,1,1,0,26,18,3,18:20:00,22.0
111,184.03,18,1013.3,1018.3,1,1,1,2016-10-26 18:20:00,112.622683262,9.35458167331,10,0,1,0,0,0,1,0,0,0,0,1,0,0,0,0,0,0,0,0,1,0,1,0,0,1,0,0,0,0,0,0,0,0,0,0,0,0,1,0,0,0,0,0,0,0,1,0,0,0,0,0,1,1,0,26,18,3,18:20:00,78.0
112,78.64,18,1013.3,1018.3,1,0,2,2016-10-26 18:20:00,52.6470588235,17.0,10,0,1,0,0,0,1,0,0,0,0,1,0,0,0,0,0,0,0,0,1,0,1,0,0,1,0,0,0,0,0,0,0,0,0,0,0,0,1,0,0,0,0,0,0,0,1,0,0,0,0,0,1,1,0,26,18,3,18:20:00,61.5
113,102.85,18,1013.3,1018.3,1,0,3,2016-10-26 18:20:00,116.111111111,18.0,10,0,1,0,0,0,1,0,0,0,0,1,0,0,0,0,0,0,0,0,1,0,1,0,0,1,0,0,0,0,0,0,0,0,0,0,0,0,1,0,0,0,0,0,0,0,1,0,0,0,0,0,1,1,0,26,18,3,18:20:00,74.25
114,84.0,18,1013.3,1018.3,1,1,3,2016-10-26 18:20:00,112.622683262,9.35458167331,10,0,1,0,0,0,1,0,0,0,0,1,0,0,0,0,0,0,0,0,1,0,1,0,0,1,0,0,0,0,0,0,0,0,0,0,0,0,1,0,0,0,0,0,0,0,1,0,0,0,0,0,1,1,0,26,18,3,18:20:00,66.75
115,15.8,18,1013.3,1018.3,1,0,1,2016-10-26 18:40:00,211.5,6.0,10,0,1,0,0,0,1,0,0,0,0,1,0,0,0,0,0,0,0,0,1,0,0,1,0,1,0,0,0,0,0,0,0,0,0,0,0,0,1,0,0,0,0,0,0,0,1,0,0,0,0,0,1,1,0,26,18,3,18:40:00,23.5
116,159.81,18,1013.3,1018.3,1,1,1,2016-10-26 18:40:00,112.622683262,9.35458167331,10,0,1,0,0,0,1,0,0,0,0,1,0,0,0,0,0,0,0,0,1,0,0,1,0,1,0,0,0,0,0,0,0,0,0,0,0,0,1,0,0,0,0,0,0,0,1,0,0,0,0,0,1,1,0,26,18,3,18:40:00,70.25
117,297.76,18,1013.3,1018.3,1,0,2,2016-10-26 18:40:00,70.5714285714,14.0,10,0,1,0,0,0,1,0,0,0,0,1,0,0,0,0,0,0,0,0,1,0,0,1,0,1,0,0,0,0,0,0,0,0,0,0,0,0,1,0,0,0,0,0,0,0,1,0,0,0,0,0,1,1,0,26,18,3,18:40:00,53.0
118,118.45,18,1013.3,1018.3,1,0,3,2016-10-26 18:40:00,101.05,20.0,10,0,1,0,0,0,1,0,0,0,0,1,0,0,0,0,0,0,0,0,1,0,0,1,0,1,0,0,0,0,0,0,0,0,0,0,0,0,1,0,0,0,0,0,0,0,1,0,0,0,0,0,1,1,0,26,18,3,18:40:00,60.0
119,56.75,18,1013.3,1018.3,1,1,3,2016-10-26 18:40:00,112.622683262,9.35458167331,10,0,1,0,0,0,1,0,0,0,0,1,0,0,0,0,0,0,0,0,1,0,0,1,0,1,0,0,0,0,0,0,0,0,0,0,0,0,1,0,0,0,0,0,0,0,1,0,0,0,0,0,1,1,0,26,18,3,18:40:00,76.5
120,161.31,6,1010.8,1015.8,1,0,1,2016-10-27 08:00:00,184.0,2.0,10,0,1,0,0,0,0,1,0,0,0,0,1,0,0,0,0,1,0,0,0,1,0,0,0,0,0,0,0,0,0,0,0,1,0,0,0,1,0,0,0,0,0,0,0,0,1,0,0,0,0,0,1,1,0,27,8,4,08:00:00,48.0
121,250.75,6,1010.8,1015.8,1,1,1,2016-10-27 08:00:00,112.622683262,9.35458167331,10,0,1,0,0,0,0,1,0,0,0,0,1,0,0,0,0,1,0,0,0,1,0,0,0,0,0,0,0,0,0,0,0,1,0,0,0,1,0,0,0,0,0,0,0,0,1,0,0,0,0,0,1,1,0,27,8,4,08:00:00,104.0
122,173.84,6,1010.8,1015.8,1,0,2,2016-10-27 08:00:00,43.0,2.0,10,0,1,0,0,0,0,1,0,0,0,0,1,0,0,0,0,1,0,0,0,1,0,0,0,0,0,0,0,0,0,0,0,1,0,0,0,1,0,0,0,0,0,0,0,0,1,0,0,0,0,0,1,1,0,27,8,4,08:00:00,107.25
123,266.56,6,1010.8,1015.8,1,0,3,2016-10-27 08:00:00,175.0,2.0,10,0,1,0,0,0,0,1,0,0,0,0,1,0,0,0,0,1,0,0,0,1,0,0,0,0,0,0,0,0,0,0,0,1,0,0,0,1,0,0,0,0,0,0,0,0,1,0,0,0,0,0,1,1,0,27,8,4,08:00:00,159.5
124,140.26,6,1010.8,1015.8,1,1,3,2016-10-27 08:00:00,112.622683262,9.35458167331,10,0,1,0,0,0,0,1,0,0,0,0,1,0,0,0,0,1,0,0,0,1,0,0,0,0,0,0,0,0,0,0,0,1,0,0,0,1,0,0,0,0,0,0,0,0,1,0,0,0,0,0,1,1,0,27,8,4,08:00:00,107.5
125,115.11,6,1010.8,1015.8,1,0,1,2016-10-27 08:20:00,143.0,5.0,10,0,1,0,0,0,0,1,0,0,0,0,1,0,0,0,0,1,0,0,0,0,1,0,0,0,0,0,0,0,0,0,0,1,0,0,0,1,0,0,0,0,0,0,0,0,1,0,0,0,0,0,1,1,0,27,8,4,08:20:00,53.5
126,50.59,6,1010.8,1015.8,1,1,1,2016-10-27 08:20:00,112.622683262,9.35458167331,10,0,1,0,0,0,0,1,0,0,0,0,1,0,0,0,0,1,0,0,0,0,1,0,0,0,0,0,0,0,0,0,0,1,0,0,0,1,0,0,0,0,0,0,0,0,1,0,0,0,0,0,1,1,0,27,8,4,08:20:00,103.5
127,205.12,6,1010.8,1015.8,1,0,2,2016-10-27 08:20:00,42.75,4.0,10,0,1,0,0,0,0,1,0,0,0,0,1,0,0,0,0,1,0,0,0,0,1,0,0,0,0,0,0,0,0,0,0,1,0,0,0,1,0,0,0,0,0,0,0,0,1,0,0,0,0,0,1,1,0,27,8,4,08:20:00,112.75
128,134.33,6,1010.8,1015.8,1,0,3,2016-10-27 08:20:00,86.4285714286,7.0,10,0,1,0,0,0,0,1,0,0,0,0,1,0,0,0,0,1,0,0,0,0,1,0,0,0,0,0,0,0,0,0,0,1,0,0,0,1,0,0,0,0,0,0,0,0,1,0,0,0,0,0,1,1,0,27,8,4,08:20:00,154.0
129,197.13,6,1010.8,1015.8,1,1,3,2016-10-27 08:20:00,112.622683262,9.35458167331,10,0,1,0,0,0,0,1,0,0,0,0,1,0,0,0,0,1,0,0,0,0,1,0,0,0,0,0,0,0,0,0,0,1,0,0,0,1,0,0,0,0,0,0,0,0,1,0,0,0,0,0,1,1,0,27,8,4,08:20:00,116.75
130,27.48,6,1010.8,1015.8,1,0,1,2016-10-27 08:40:00,162.2,5.0,10,0,1,0,0,0,0,1,0,0,0,0,1,0,0,0,0,1,0,0,0,0,0,1,0,0,0,0,0,0,0,0,0,1,0,0,0,1,0,0,0,0,0,0,0,0,1,0,0,0,0,0,1,1,0,27,8,4,08:40:00,51.25
131,181.9,6,1010.8,1015.8,1,1,1,2016-10-27 08:40:00,112.622683262,9.35458167331,10,0,1,0,0,0,0,1,0,0,0,0,1,0,0,0,0,1,0,0,0,0,0,1,0,0,0,0,0,0,0,0,0,1,0,0,0,1,0,0,0,0,0,0,0,0,1,0,0,0,0,0,1,1,0,27,8,4,08:40:00,119.25
132,11.92,6,1010.8,1015.8,1,0,2,2016-10-27 08:40:00,89.0,9.0,10,0,1,0,0,0,0,1,0,0,0,0,1,0,0,0,0,1,0,0,0,0,0,1,0,0,0,0,0,0,0,0,0,1,0,0,0,1,0,0,0,0,0,0,0,0,1,0,0,0,0,0,1,1,0,27,8,4,08:40:00,110.5
133,296.09,6,1010.8,1015.8,1,0,3,2016-10-27 08:40:00,116.714285714,7.0,10,0,1,0,0,0,0,1,0,0,0,0,1,0,0,0,0,1,0,0,0,0,0,1,0,0,0,0,0,0,0,0,0,1,0,0,0,1,0,0,0,0,0,0,0,0,1,0,0,0,0,0,1,1,0,27,8,4,08:40:00,152.0
134,57.48,6,1010.8,1015.8,1,1,3,2016-10-27 08:40:00,112.622683262,9.35458167331,10,0,1,0,0,0,0,1,0,0,0,0,1,0,0,0,0,1,0,0,0,0,0,1,0,0,0,0,0,0,0,0,0,1,0,0,0,1,0,0,0,0,0,0,0,0,1,0,0,0,0,0,1,1,0,27,8,4,08:40:00,131.0
135,21.8,9,1010.4,1015.4,1,0,1,2016-10-27 09:00:00,115.5,2.0,10,0,1,0,0,0,0,1,0,0,0,0,1,0,0,0,0,0,1,0,0,1,0,0,0,0,0,0,1,0,0,0,0,0,0,0,1,0,0,0,0,0,0,0,0,0,0,1,0,0,0,0,1,1,0,27,9,4,09:00:00,48.25
136,295.47,9,1010.4,1015.4,1,1,1,2016-10-27 09:00:00,112.622683262,9.35458167331,10,0,1,0,0,0,0,1,0,0,0,0,1,0,0,0,0,0,1,0,0,1,0,0,0,0,0,0,1,0,0,0,0,0,0,0,1,0,0,0,0,0,0,0,0,0,0,1,0,0,0,0,1,1,0,27,9,4,09:00:00,115.0
137,53.44,9,1010.4,1015.4,1,0,2,2016-10-27 09:00:00,54.8333333333,6.0,10,0,1,0,0,0,0,1,0,0,0,0,1,0,0,0,0,0,1,0,0,1,0,0,0,0,0,0,1,0,0,0,0,0,0,0,1,0,0,0,0,0,0,0,0,0,0,1,0,0,0,0,1,1,0,27,9,4,09:00:00,116.25
138,169.9,9,1010.4,1015.4,1,0,3,2016-10-27 09:00:00,146.583333333,12.0,10,0,1,0,0,0,0,1,0,0,0,0,1,0,0,0,0,0,1,0,0,1,0,0,0,0,0,0,1,0,0,0,0,0,0,0,1,0,0,0,0,0,0,0,0,0,0,1,0,0,0,0,1,1,0,27,9,4,09:00:00,141.25
139,197.69,9,1010.4,1015.4,1,1,3,2016-10-27 09:00:00,112.622683262,9.35458167331,10,0,1,0,0,0,0,1,0,0,0,0,1,0,0,0,0,0,1,0,0,1,0,0,0,0,0,0,1,0,0,0,0,0,0,0,1,0,0,0,0,0,0,0,0,0,0,1,0,0,0,0,1,1,0,27,9,4,09:00:00,118.75
140,298.31,9,1010.4,1015.4,1,0,1,2016-10-27 09:20:00,223.0,2.0,10,0,1,0,0,0,0,1,0,0,0,0,1,0,0,0,0,0,1,0,0,0,1,0,0,0,0,0,1,0,0,0,0,0,0,0,1,0,0,0,0,0,0,0,0,0,0,1,0,0,0,0,1,1,0,27,9,4,09:20:00,47.0
141,203.72,9,1010.4,1015.4,1,1,1,2016-10-27 09:20:00,112.622683262,9.35458167331,10,0,1,0,0,0,0,1,0,0,0,0,1,0,0,0,0,0,1,0,0,0,1,0,0,0,0,0,1,0,0,0,0,0,0,0,1,0,0,0,0,0,0,0,0,0,0,1,0,0,0,0,1,1,0,27,9,4,09:20:00,106.0
142,157.94,9,1010.4,1015.4,1,0,2,2016-10-27 09:20:00,54.8,10.0,10,0,1,0,0,0,0,1,0,0,0,0,1,0,0,0,0,0,1,0,0,0,1,0,0,0,0,0,1,0,0,0,0,0,0,0,1,0,0,0,0,0,0,0,0,0,0,1,0,0,0,0,1,1,0,27,9,4,09:20:00,98.0
143,39.99,9,1010.4,1015.4,1,0,3,2016-10-27 09:20:00,169.272727273,11.0,10,0,1,0,0,0,0,1,0,0,0,0,1,0,0,0,0,0,1,0,0,0,1,0,0,0,0,0,1,0,0,0,0,0,0,0,1,0,0,0,0,0,0,0,0,0,0,1,0,0,0,0,1,1,0,27,9,4,09:20:00,127.5
144,67.14,9,1010.4,1015.4,1,1,3,2016-10-27 09:20:00,112.622683262,9.35458167331,10,0,1,0,0,0,0,1,0,0,0,0,1,0,0,0,0,0,1,0,0,0,1,0,0,0,0,0,1,0,0,0,0,0,0,0,1,0,0,0,0,0,0,0,0,0,0,1,0,0,0,0,1,1,0,27,9,4,09:20:00,112.25
145,85.27,9,1010.4,1015.4,1,0,1,2016-10-27 09:40:00,130.0,2.0,10,0,1,0,0,0,0,1,0,0,0,0,1,0,0,0,0,0,1,0,0,0,0,1,0,0,0,0,1,0,0,0,0,0,0,0,1,0,0,0,0,0,0,0,0,0,0,1,0,0,0,0,1,1,0,27,9,4,09:40:00,52.5
146,42.3,9,1010.4,1015.4,1,1,1,2016-10-27 09:40:00,112.622683262,9.35458167331,10,0,1,0,0,0,0,1,0,0,0,0,1,0,0,0,0,0,1,0,0,0,0,1,0,0,0,0,1,0,0,0,0,0,0,0,1,0,0,0,0,0,0,0,0,0,0,1,0,0,0,0,1,1,0,27,9,4,09:40:00,105.5
147,147.04,9,1010.4,1015.4,1,0,2,2016-10-27 09:40:00,75.25,12.0,10,0,1,0,0,0,0,1,0,0,0,0,1,0,0,0,0,0,1,0,0,0,0,1,0,0,0,0,1,0,0,0,0,0,0,0,1,0,0,0,0,0,0,0,0,0,0,1,0,0,0,0,1,1,0,27,9,4,09:40:00,74.0
148,279.89,9,1010.4,1015.4,1,0,3,2016-10-27 09:40:00,121.0,5.0,10,0,1,0,0,0,0,1,0,0,0,0,1,0,0,0,0,0,1,0,0,0,0,1,0,0,0,0,1,0,0,0,0,0,0,0,1,0,0,0,0,0,0,0,0,0,0,1,0,0,0,0,1,1,0,27,9,4,09:40:00,113.5
149,97.17,9,1010.4,1015.4,1,1,3,2016-10-27 09:40:00,112.622683262,9.35458167331,10,0,1,0,0,0,0,1,0,0,0,0,1,0,0,0,0,0,1,0,0,0,0,1,0,0,0,0,1,0,0,0,0,0,0,0,1,0,0,0,0,0,0,0,0,0,0,1,0,0,0,0,1,1,0,27,9,4,09:40:00,100.0
150,30.76,15,1010.3,1015.3,1,0,1,2016-10-27 17:00:00,118.666666667,3.0,10,0,1,0,0,0,0,1,0,0,0,0,1,0,0,0,0,0,0,1,0,1,0,0,0,0,0,0,0,0,1,0,0,0,0,0,0,1,0,0,0,0,0,0,0,0,1,0,0,0,0,0,1,1,0,27,17,4,17:00:00,37.75
151,137.38,15,1010.3,1015.3,1,1,1,2016-10-27 17:00:00,112.622683262,9.35458167331,10,0,1,0,0,0,0,1,0,0,0,0,1,0,0,0,0,0,0,1,0,1,0,0,0,0,0,0,0,0,1,0,0,0,0,0,0,1,0,0,0,0,0,0,0,0,1,0,0,0,0,0,1,1,0,27,17,4,17:00:00,102.75
152,28.09,15,1010.3,1015.3,1,0,2,2016-10-27 17:00:00,53.6,5.0,10,0,1,0,0,0,0,1,0,0,0,0,1,0,0,0,0,0,0,1,0,1,0,0,0,0,0,0,0,0,1,0,0,0,0,0,0,1,0,0,0,0,0,0,0,0,1,0,0,0,0,0,1,1,0,27,17,4,17:00:00,75.75
153,177.29,15,1010.3,1015.3,1,0,3,2016-10-27 17:00:00,84.6363636364,11.0,10,0,1,0,0,0,0,1,0,0,0,0,1,0,0,0,0,0,0,1,0,1,0,0,0,0,0,0,0,0,1,0,0,0,0,0,0,1,0,0,0,0,0,0,0,0,1,0,0,0,0,0,1,1,0,27,17,4,17:00:00,119.75
154,168.59,15,1010.3,1015.3,1,1,3,2016-10-27 17:00:00,112.622683262,9.35458167331,10,0,1,0,0,0,0,1,0,0,0,0,1,0,0,0,0,0,0,1,0,1,0,0,0,0,0,0,0,0,1,0,0,0,0,0,0,1,0,0,0,0,0,0,0,0,1,0,0,0,0,0,1,1,0,27,17,4,17:00:00,85.75
155,240.04,15,1010.3,1015.3,1,0,1,2016-10-27 17:20:00,121.6,5.0,10,0,1,0,0,0,0,1,0,0,0,0,1,0,0,0,0,0,0,1,0,0,1,0,0,0,0,0,0,0,1,0,0,0,0,0,0,1,0,0,0,0,0,0,0,0,1,0,0,0,0,0,1,1,0,27,17,4,17:20:00,39.0
156,112.21,15,1010.3,1015.3,1,1,1,2016-10-27 17:20:00,112.622683262,9.35458167331,10,0,1,0,0,0,0,1,0,0,0,0,1,0,0,0,0,0,0,1,0,0,1,0,0,0,0,0,0,0,1,0,0,0,0,0,0,1,0,0,0,0,0,0,0,0,1,0,0,0,0,0,1,1,0,27,17,4,17:20:00,96.5
157,240.42,15,1010.3,1015.3,1,0,2,2016-10-27 17:20:00,58.9,10.0,10,0,1,0,0,0,0,1,0,0,0,0,1,0,0,0,0,0,0,1,0,0,1,0,0,0,0,0,0,0,1,0,0,0,0,0,0,1,0,0,0,0,0,0,0,0,1,0,0,0,0,0,1,1,0,27,17,4,17:20:00,70.75
158,16.98,15,1010.3,1015.3,1,0,3,2016-10-27 17:20:00,89.0,19.0,10,0,1,0,0,0,0,1,0,0,0,0,1,0,0,0,0,0,0,1,0,0,1,0,0,0,0,0,0,0,1,0,0,0,0,0,0,1,0,0,0,0,0,0,0,0,1,0,0,0,0,0,1,1,0,27,17,4,17:20:00,115.25
159,21.35,15,1010.3,1015.3,1,1,3,2016-10-27 17:20:00,112.622683262,9.35458167331,10,0,1,0,0,0,0,1,0,0,0,0,1,0,0,0,0,0,0,1,0,0,1,0,0,0,0,0,0,0,1,0,0,0,0,0,0,1,0,0,0,0,0,0,0,0,1,0,0,0,0,0,1,1,0,27,17,4,17:20:00,93.25
160,20.37,15,1010.3,1015.3,1,0,1,2016-10-27 17:40:00,229.571428571,7.0,10,0,1,0,0,0,0,1,0,0,0,0,1,0,0,0,0,0,0,1,0,0,0,1,0,0,0,0,0,0,1,0,0,0,0,0,0,1,0,0,0,0,0,0,0,0,1,0,0,0,0,0,1,1,0,27,17,4,17:40:00,34.25
161,275.81,15,1010.3,1015.3,1,1,1,2016-10-27 17:40:00,112.622683262,9.35458167331,10,0,1,0,0,0,0,1,0,0,0,0,1,0,0,0,0,0,0,1,0,0,0,1,0,0,0,0,0,0,1,0,0,0,0,0,0,1,0,0,0,0,0,0,0,0,1,0,0,0,0,0,1,1,0,27,17,4,17:40:00,119.0
162,12.27,15,1010.3,1015.3,1,0,2,2016-10-27 17:40:00,64.2352941176,17.0,10,0,1,0,0,0,0,1,0,0,0,0,1,0,0,0,0,0,0,1,0,0,0,1,0,0,0,0,0,0,1,0,0,0,0,0,0,1,0,0,0,0,0,0,0,0,1,0,0,0,0,0,1,1,0,27,17,4,17:40:00,71.75
163,272.65,15,1010.3,1015.3,1,0,3,2016-10-27 17:40:00,105.5,16.0,10,0,1,0,0,0,0,1,0,0,0,0,1,0,0,0,0,0,0,1,0,0,0,1,0,0,0,0,0,0,1,0,0,0,0,0,0,1,0,0,0,0,0,0,0,0,1,0,0,0,0,0,1,1,0,27,17,4,17:40:00,101.75
164,27.12,15,1010.3,1015.3,1,1,3,2016-10-27 17:40:00,112.622683262,9.35458167331,10,0,1,0,0,0,0,1,0,0,0,0,1,0,0,0,0,0,0,1,0,0,0,1,0,0,0,0,0,0,1,0,0,0,0,0,0,1,0,0,0,0,0,0,0,0,1,0,0,0,0,0,1,1,0,27,17,4,17:40:00,93.5
165,67.94,18,1009.8,1014.8,1,0,1,2016-10-27 18:00:00,144.0,4.0,10,0,1,0,0,0,0,1,0,0,0,0,1,0,0,0,0,0,0,0,1,1,0,0,0,0,0,0,0,0,0,0,0,0,1,0,0,0,1,0,0,0,0,0,0,0,1,0,0,0,0,0,1,1,0,27,18,4,18:00:00,27.25
166,186.62,18,1009.8,1014.8,1,1,1,2016-10-27 18:00:00,112.622683262,9.35458167331,10,0,1,0,0,0,0,1,0,0,0,0,1,0,0,0,0,0,0,0,1,1,0,0,0,0,0,0,0,0,0,0,0,0,1,0,0,0,1,0,0,0,0,0,0,0,1,0,0,0,0,0,1,1,0,27,18,4,18:00:00,70.0
167,62.62,18,1009.8,1014.8,1,0,2,2016-10-27 18:00:00,64.4285714286,7.0,10,0,1,0,0,0,0,1,0,0,0,0,1,0,0,0,0,0,0,0,1,1,0,0,0,0,0,0,0,0,0,0,0,0,1,0,0,0,1,0,0,0,0,0,0,0,1,0,0,0,0,0,1,1,0,27,18,4,18:00:00,68.0
168,257.26,18,1009.8,1014.8,1,0,3,2016-10-27 18:00:00,154.705882353,17.0,10,0,1,0,0,0,0,1,0,0,0,0,1,0,0,0,0,0,0,0,1,1,0,0,0,0,0,0,0,0,0,0,0,0,1,0,0,0,1,0,0,0,0,0,0,0,1,0,0,0,0,0,1,1,0,27,18,4,18:00:00,74.0
169,263.57,18,1009.8,1014.8,1,1,3,2016-10-27 18:00:00,112.622683262,9.35458167331,10,0,1,0,0,0,0,1,0,0,0,0,1,0,0,0,0,0,0,0,1,1,0,0,0,0,0,0,0,0,0,0,0,0,1,0,0,0,1,0,0,0,0,0,0,0,1,0,0,0,0,0,1,1,0,27,18,4,18:00:00,67.75
170,161.1,18,1009.8,1014.8,1,0,1,2016-10-27 18:20:00,212.625,8.0,10,0,1,0,0,0,0,1,0,0,0,0,1,0,0,0,0,0,0,0,1,0,1,0,0,0,0,0,0,0,0,0,0,0,1,0,0,0,1,0,0,0,0,0,0,0,1,0,0,0,0,0,1,1,0,27,18,4,18:20:00,24.0
171,201.81,18,1009.8,1014.8,1,1,1,2016-10-27 18:20:00,112.622683262,9.35458167331,10,0,1,0,0,0,0,1,0,0,0,0,1,0,0,0,0,0,0,0,1,0,1,0,0,0,0,0,0,0,0,0,0,0,1,0,0,0,1,0,0,0,0,0,0,0,1,0,0,0,0,0,1,1,0,27,18,4,18:20:00,73.75
172,261.84,18,1009.8,1014.8,1,0,2,2016-10-27 18:20:00,67.0,15.0,10,0,1,0,0,0,0,1,0,0,0,0,1,0,0,0,0,0,0,0,1,0,1,0,0,0,0,0,0,0,0,0,0,0,1,0,0,0,1,0,0,0,0,0,0,0,1,0,0,0,0,0,1,1,0,27,18,4,18:20:00,58.75
173,101.67,18,1009.8,1014.8,1,0,3,2016-10-27 18:20:00,112.153846154,13.0,10,0,1,0,0,0,0,1,0,0,0,0,1,0,0,0,0,0,0,0,1,0,1,0,0,0,0,0,0,0,0,0,0,0,1,0,0,0,1,0,0,0,0,0,0,0,1,0,0,0,0,0,1,1,0,27,18,4,18:20:00,59.75
174,293.14,18,1009.8,1014.8,1,1,3,2016-10-27 18:20:00,112.622683262,9.35458167331,10,0,1,0,0,0,0,1,0,0,0,0,1,0,0,0,0,0,0,0,1,0,1,0,0,0,0,0,0,0,0,0,0,0,1,0,0,0,1,0,0,0,0,0,0,0,1,0,0,0,0,0,1,1,0,27,18,4,18:20:00,69.75
175,163.34,18,1009.8,1014.8,1,0,1,2016-10-27 18:40:00,160.4,5.0,10,0,1,0,0,0,0,1,0,0,0,0,1,0,0,0,0,0,0,0,1,0,0,1,0,0,0,0,0,0,0,0,0,0,1,0,0,0,1,0,0,0,0,0,0,0,1,0,0,0,0,0,1,1,0,27,18,4,18:40:00,22.25
176,123.92,18,1009.8,1014.8,1,1,1,2016-10-27 18:40:00,112.622683262,9.35458167331,10,0,1,0,0,0,0,1,0,0,0,0,1,0,0,0,0,0,0,0,1,0,0,1,0,0,0,0,0,0,0,0,0,0,1,0,0,0,1,0,0,0,0,0,0,0,1,0,0,0,0,0,1,1,0,27,18,4,18:40:00,80.5
177,118.86,18,1009.8,1014.8,1,0,2,2016-10-27 18:40:00,71.7692307692,13.0,10,0,1,0,0,0,0,1,0,0,0,0,1,0,0,0,0,0,0,0,1,0,0,1,0,0,0,0,0,0,0,0,0,0,1,0,0,0,1,0,0,0,0,0,0,0,1,0,0,0,0,0,1,1,0,27,18,4,18:40:00,51.5
178,238.74,18,1009.8,1014.8,1,0,3,2016-10-27 18:40:00,108.421052632,19.0,10,0,1,0,0,0,0,1,0,0,0,0,1,0,0,0,0,0,0,0,1,0,0,1,0,0,0,0,0,0,0,0,0,0,1,0,0,0,1,0,0,0,0,0,0,0,1,0,0,0,0,0,1,1,0,27,18,4,18:40:00,57.5
179,116.1,18,1009.8,1014.8,1,1,3,2016-10-27 18:40:00,112.622683262,9.35458167331,10,0,1,0,0,0,0,1,0,0,0,0,1,0,0,0,0,0,0,0,1,0,0,1,0,0,0,0,0,0,0,0,0,0,1,0,0,0,1,0,0,0,0,0,0,0,1,0,0,0,0,0,1,1,0,27,18,4,18:40:00,74.0
180,266.66,6,1016.6,1021.7,1,0,1,2016-10-28 08:00:00,131.666666667,3.0,10,0,0,0,0,0,0,0,1,0,0,0,0,1,0,0,0,1,0,0,0,1,0,0,1,0,0,0,0,0,0,0,0,0,0,0,0,0,0,0,0,0,1,0,0,1,0,0,0,0,0,0,1,1,0,28,8,5,08:00:00,40.0
181,63.3,6,1016.6,1021.7,1,1,1,2016-10-28 08:00:00,112.622683262,9.35458167331,10,0,0,0,0,0,0,0,1,0,0,0,0,1,0,0,0,1,0,0,0,1,0,0,1,0,0,0,0,0,0,0,0,0,0,0,0,0,0,0,0,0,1,0,0,1,0,0,0,0,0,0,1,1,0,28,8,5,08:00:00,108.0
182,291.15,6,1016.6,1021.7,1,0,2,2016-10-28 08:00:00,49.6666666667,3.0,10,0,0,0,0,0,0,0,1,0,0,0,0,1,0,0,0,1,0,0,0,1,0,0,1,0,0,0,0,0,0,0,0,0,0,0,0,0,0,0,0,0,1,0,0,1,0,0,0,0,0,0,1,1,0,28,8,5,08:00:00,107.0
183,229.07,6,1016.6,1021.7,1,0,3,2016-10-28 08:00:00,87.25,4.0,10,0,0,0,0,0,0,0,1,0,0,0,0,1,0,0,0,1,0,0,0,1,0,0,1,0,0,0,0,0,0,0,0,0,0,0,0,0,0,0,0,0,1,0,0,1,0,0,0,0,0,0,1,1,0,28,8,5,08:00:00,160.666666667
184,285.22,6,1016.6,1021.7,1,1,3,2016-10-28 08:00:00,112.622683262,9.35458167331,10,0,0,0,0,0,0,0,1,0,0,0,0,1,0,0,0,1,0,0,0,1,0,0,1,0,0,0,0,0,0,0,0,0,0,0,0,0,0,0,0,0,1,0,0,1,0,0,0,0,0,0,1,1,0,28,8,5,08:00:00,106.333333333
185,202.89,6,1016.6,1021.7,1,0,1,2016-10-28 08:20:00,133.0,3.0,10,0,0,0,0,0,0,0,1,0,0,0,0,1,0,0,0,1,0,0,0,0,1,0,1,0,0,0,0,0,0,0,0,0,0,0,0,0,0,0,0,0,1,0,0,1,0,0,0,0,0,0,1,1,0,28,8,5,08:20:00,57.6666666667
186,123.05,6,1016.6,1021.7,1,1,1,2016-10-28 08:20:00,112.622683262,9.35458167331,10,0,0,0,0,0,0,0,1,0,0,0,0,1,0,0,0,1,0,0,0,0,1,0,1,0,0,0,0,0,0,0,0,0,0,0,0,0,0,0,0,0,1,0,0,1,0,0,0,0,0,0,1,1,0,28,8,5,08:20:00,113.666666667
187,288.38,6,1016.6,1021.7,1,0,2,2016-10-28 08:20:00,52.0,2.0,10,0,0,0,0,0,0,0,1,0,0,0,0,1,0,0,0,1,0,0,0,0,1,0,1,0,0,0,0,0,0,0,0,0,0,0,0,0,0,0,0,0,1,0,0,1,0,0,0,0,0,0,1,1,0,28,8,5,08:20:00,118.333333333
188,104.66,6,1016.6,1021.7,1,0,3,2016-10-28 08:20:00,85.5,2.0,10,0,0,0,0,0,0,0,1,0,0,0,0,1,0,0,0,1,0,0,0,0,1,0,1,0,0,0,0,0,0,0,0,0,0,0,0,0,0,0,0,0,1,0,0,1,0,0,0,0,0,0,1,1,0,28,8,5,08:20:00,154.666666667
189,184.3,6,1016.6,1021.7,1,1,3,2016-10-28 08:20:00,112.622683262,9.35458167331,10,0,0,0,0,0,0,0,1,0,0,0,0,1,0,0,0,1,0,0,0,0,1,0,1,0,0,0,0,0,0,0,0,0,0,0,0,0,0,0,0,0,1,0,0,1,0,0,0,0,0,0,1,1,0,28,8,5,08:20:00,127.666666667
190,284.66,6,1016.6,1021.7,1,0,1,2016-10-28 08:40:00,171.5,2.0,10,0,0,0,0,0,0,0,1,0,0,0,0,1,0,0,0,1,0,0,0,0,0,1,1,0,0,0,0,0,0,0,0,0,0,0,0,0,0,0,0,0,1,0,0,1,0,0,0,0,0,0,1,1,0,28,8,5,08:40:00,47.3333333333
191,163.76,6,1016.6,1021.7,1,1,1,2016-10-28 08:40:00,112.622683262,9.35458167331,10,0,0,0,0,0,0,0,1,0,0,0,0,1,0,0,0,1,0,0,0,0,0,1,1,0,0,0,0,0,0,0,0,0,0,0,0,0,0,0,0,0,1,0,0,1,0,0,0,0,0,0,1,1,0,28,8,5,08:40:00,104.666666667
192,11.57,6,1016.6,1021.7,1,0,2,2016-10-28 08:40:00,58.1111111111,9.0,10,0,0,0,0,0,0,0,1,0,0,0,0,1,0,0,0,1,0,0,0,0,0,1,1,0,0,0,0,0,0,0,0,0,0,0,0,0,0,0,0,0,1,0,0,1,0,0,0,0,0,0,1,1,0,28,8,5,08:40:00,121.0
193,255.26,6,1016.6,1021.7,1,0,3,2016-10-28 08:40:00,89.5555555556,9.0,10,0,0,0,0,0,0,0,1,0,0,0,0,1,0,0,0,1,0,0,0,0,0,1,1,0,0,0,0,0,0,0,0,0,0,0,0,0,0,0,0,0,1,0,0,1,0,0,0,0,0,0,1,1,0,28,8,5,08:40:00,149.0
194,208.63,6,1016.6,1021.7,1,1,3,2016-10-28 08:40:00,112.622683262,9.35458167331,10,0,0,0,0,0,0,0,1,0,0,0,0,1,0,0,0,1,0,0,0,0,0,1,1,0,0,0,0,0,0,0,0,0,0,0,0,0,0,0,0,0,1,0,0,1,0,0,0,0,0,0,1,1,0,28,8,5,08:40:00,133.0
195,288.85,9,1018.8,1023.9,1,0,1,2016-10-28 09:00:00,161.6,5.0,10,0,0,0,0,0,0,0,1,0,0,0,0,1,0,0,0,0,1,0,0,1,0,0,1,0,0,0,0,0,0,0,0,0,0,0,0,0,0,0,0,1,0,0,1,0,0,0,0,0,0,1,0,1,0,28,9,5,09:00:00,41.0
196,243.6,9,1018.8,1023.9,1,1,1,2016-10-28 09:00:00,112.622683262,9.35458167331,10,0,0,0,0,0,0,0,1,0,0,0,0,1,0,0,0,0,1,0,0,1,0,0,1,0,0,0,0,0,0,0,0,0,0,0,0,0,0,0,0,1,0,0,1,0,0,0,0,0,0,1,0,1,0,28,9,5,09:00:00,120.666666667
197,225.44,9,1018.8,1023.9,1,0,2,2016-10-28 09:00:00,62.25,4.0,10,0,0,0,0,0,0,0,1,0,0,0,0,1,0,0,0,0,1,0,0,1,0,0,1,0,0,0,0,0,0,0,0,0,0,0,0,0,0,0,0,1,0,0,1,0,0,0,0,0,0,1,0,1,0,28,9,5,09:00:00,100.666666667
198,282.74,9,1018.8,1023.9,1,0,3,2016-10-28 09:00:00,183.571428571,7.0,10,0,0,0,0,0,0,0,1,0,0,0,0,1,0,0,0,0,1,0,0,1,0,0,1,0,0,0,0,0,0,0,0,0,0,0,0,0,0,0,0,1,0,0,1,0,0,0,0,0,0,1,0,1,0,28,9,5,09:00:00,159.0
199,285.72,9,1018.8,1023.9,1,1,3,2016-10-28 09:00:00,112.622683262,9.35458167331,10,0,0,0,0,0,0,0,1,0,0,0,0,1,0,0,0,0,1,0,0,1,0,0,1,0,0,0,0,0,0,0,0,0,0,0,0,0,0,0,0,1,0,0,1,0,0,0,0,0,0,1,0,1,0,28,9,5,09:00:00,127.333333333
200,197.61,9,1018.8,1023.9,1,0,1,2016-10-28 09:20:00,287.666666667,3.0,10,0,0,0,0,0,0,0,1,0,0,0,0,1,0,0,0,0,1,0,0,0,1,0,1,0,0,0,0,0,0,0,0,0,0,0,0,0,0,0,0,1,0,0,1,0,0,0,0,0,0,1,0,1,0,28,9,5,09:20:00,48.3333333333
201,240.44,9,1018.8,1023.9,1,1,1,2016-10-28 09:20:00,112.622683262,9.35458167331,10,0,0,0,0,0,0,0,1,0,0,0,0,1,0,0,0,0,1,0,0,0,1,0,1,0,0,0,0,0,0,0,0,0,0,0,0,0,0,0,0,1,0,0,1,0,0,0,0,0,0,1,0,1,0,28,9,5,09:20:00,116.666666667
202,69.84,9,1018.8,1023.9,1,0,2,2016-10-28 09:20:00,53.0,4.0,10,0,0,0,0,0,0,0,1,0,0,0,0,1,0,0,0,0,1,0,0,0,1,0,1,0,0,0,0,0,0,0,0,0,0,0,0,0,0,0,0,1,0,0,1,0,0,0,0,0,0,1,0,1,0,28,9,5,09:20:00,101.0
203,242.08,9,1018.8,1023.9,1,0,3,2016-10-28 09:20:00,264.0,8.0,10,0,0,0,0,0,0,0,1,0,0,0,0,1,0,0,0,0,1,0,0,0,1,0,1,0,0,0,0,0,0,0,0,0,0,0,0,0,0,0,0,1,0,0,1,0,0,0,0,0,0,1,0,1,0,28,9,5,09:20:00,153.0
204,243.59,9,1018.8,1023.9,1,1,3,2016-10-28 09:20:00,112.622683262,9.35458167331,10,0,0,0,0,0,0,0,1,0,0,0,0,1,0,0,0,0,1,0,0,0,1,0,1,0,0,0,0,0,0,0,0,0,0,0,0,0,0,0,0,1,0,0,1,0,0,0,0,0,0,1,0,1,0,28,9,5,09:20:00,114.333333333
205,99.27,9,1018.8,1023.9,1,0,1,2016-10-28 09:40:00,134.0,3.0,10,0,0,0,0,0,0,0,1,0,0,0,0,1,0,0,0,0,1,0,0,0,0,1,1,0,0,0,0,0,0,0,0,0,0,0,0,0,0,0,0,1,0,0,1,0,0,0,0,0,0,1,0,1,0,28,9,5,09:40:00,44.3333333333
206,267.65,9,1018.8,1023.9,1,1,1,2016-10-28 09:40:00,112.622683262,9.35458167331,10,0,0,0,0,0,0,0,1,0,0,0,0,1,0,0,0,0,1,0,0,0,0,1,1,0,0,0,0,0,0,0,0,0,0,0,0,0,0,0,0,1,0,0,1,0,0,0,0,0,0,1,0,1,0,28,9,5,09:40:00,124.333333333
207,54.5,9,1018.8,1023.9,1,0,2,2016-10-28 09:40:00,64.6666666667,9.0,10,0,0,0,0,0,0,0,1,0,0,0,0,1,0,0,0,0,1,0,0,0,0,1,1,0,0,0,0,0,0,0,0,0,0,0,0,0,0,0,0,1,0,0,1,0,0,0,0,0,0,1,0,1,0,28,9,5,09:40:00,78.6666666667
208,246.72,9,1018.8,1023.9,1,0,3,2016-10-28 09:40:00,160.0,8.0,10,0,0,0,0,0,0,0,1,0,0,0,0,1,0,0,0,0,1,0,0,0,0,1,1,0,0,0,0,0,0,0,0,0,0,0,0,0,0,0,0,1,0,0,1,0,0,0,0,0,0,1,0,1,0,28,9,5,09:40:00,127.333333333
209,165.24,9,1018.8,1023.9,1,1,3,2016-10-28 09:40:00,112.622683262,9.35458167331,10,0,0,0,0,0,0,0,1,0,0,0,0,1,0,0,0,0,1,0,0,0,0,1,1,0,0,0,0,0,0,0,0,0,0,0,0,0,0,0,0,1,0,0,1,0,0,0,0,0,0,1,0,1,0,28,9,5,09:40:00,100.666666667
210,241.95,15,1022.0,1027.1,1,0,1,2016-10-28 17:00:00,193.666666667,6.0,10,0,0,0,0,0,0,0,1,0,0,0,0,1,0,0,0,0,0,1,0,1,0,0,0,0,0,0,0,0,0,0,0,0,1,0,0,0,0,0,1,0,0,1,0,0,0,0,0,0,0,0,1,1,0,28,17,5,17:00:00,48.3333333333
211,123.17,15,1022.0,1027.1,1,1,1,2016-10-28 17:00:00,112.622683262,9.35458167331,10,0,0,0,0,0,0,0,1,0,0,0,0,1,0,0,0,0,0,1,0,1,0,0,0,0,0,0,0,0,0,0,0,0,1,0,0,0,0,0,1,0,0,1,0,0,0,0,0,0,0,0,1,1,0,28,17,5,17:00:00,117.0
212,242.83,15,1022.0,1027.1,1,0,2,2016-10-28 17:00:00,56.0,12.0,10,0,0,0,0,0,0,0,1,0,0,0,0,1,0,0,0,0,0,1,0,1,0,0,0,0,0,0,0,0,0,0,0,0,1,0,0,0,0,0,1,0,0,1,0,0,0,0,0,0,0,0,1,1,0,28,17,5,17:00:00,89.3333333333
213,131.41,15,1022.0,1027.1,1,0,3,2016-10-28 17:00:00,116.5,16.0,10,0,0,0,0,0,0,0,1,0,0,0,0,1,0,0,0,0,0,1,0,1,0,0,0,0,0,0,0,0,0,0,0,0,1,0,0,0,0,0,1,0,0,1,0,0,0,0,0,0,0,0,1,1,0,28,17,5,17:00:00,133.0
214,226.4,15,1022.0,1027.1,1,1,3,2016-10-28 17:00:00,112.622683262,9.35458167331,10,0,0,0,0,0,0,0,1,0,0,0,0,1,0,0,0,0,0,1,0,1,0,0,0,0,0,0,0,0,0,0,0,0,1,0,0,0,0,0,1,0,0,1,0,0,0,0,0,0,0,0,1,1,0,28,17,5,17:00:00,96.6666666667
215,223.92,15,1022.0,1027.1,1,0,1,2016-10-28 17:20:00,194.0,5.0,10,0,0,0,0,0,0,0,1,0,0,0,0,1,0,0,0,0,0,1,0,0,1,0,0,0,0,0,0,0,0,0,0,0,1,0,0,0,0,0,1,0,0,1,0,0,0,0,0,0,0,0,1,1,0,28,17,5,17:20:00,41.6666666667
216,276.38,15,1022.0,1027.1,1,1,1,2016-10-28 17:20:00,112.622683262,9.35458167331,10,0,0,0,0,0,0,0,1,0,0,0,0,1,0,0,0,0,0,1,0,0,1,0,0,0,0,0,0,0,0,0,0,0,1,0,0,0,0,0,1,0,0,1,0,0,0,0,0,0,0,0,1,1,0,28,17,5,17:20:00,128.666666667
217,159.13,15,1022.0,1027.1,1,0,2,2016-10-28 17:20:00,63.2,15.0,10,0,0,0,0,0,0,0,1,0,0,0,0,1,0,0,0,0,0,1,0,0,1,0,0,0,0,0,0,0,0,0,0,0,1,0,0,0,0,0,1,0,0,1,0,0,0,0,0,0,0,0,1,1,0,28,17,5,17:20:00,88.3333333333
218,265.21,15,1022.0,1027.1,1,0,3,2016-10-28 17:20:00,140.304347826,23.0,10,0,0,0,0,0,0,0,1,0,0,0,0,1,0,0,0,0,0,1,0,0,1,0,0,0,0,0,0,0,0,0,0,0,1,0,0,0,0,0,1,0,0,1,0,0,0,0,0,0,0,0,1,1,0,28,17,5,17:20:00,116.0
219,134.6,15,1022.0,1027.1,1,1,3,2016-10-28 17:20:00,112.622683262,9.35458167331,10,0,0,0,0,0,0,0,1,0,0,0,0,1,0,0,0,0,0,1,0,0,1,0,0,0,0,0,0,0,0,0,0,0,1,0,0,0,0,0,1,0,0,1,0,0,0,0,0,0,0,0,1,1,0,28,17,5,17:20:00,100.0
220,12.64,15,1022.0,1027.1,1,0,1,2016-10-28 17:40:00,338.8,5.0,10,0,0,0,0,0,0,0,1,0,0,0,0,1,0,0,0,0,0,1,0,0,0,1,0,0,0,0,0,0,0,0,0,0,1,0,0,0,0,0,1,0,0,1,0,0,0,0,0,0,0,0,1,1,0,28,17,5,17:40:00,46.3333333333
221,17.37,15,1022.0,1027.1,1,1,1,2016-10-28 17:40:00,112.622683262,9.35458167331,10,0,0,0,0,0,0,0,1,0,0,0,0,1,0,0,0,0,0,1,0,0,0,1,0,0,0,0,0,0,0,0,0,0,1,0,0,0,0,0,1,0,0,1,0,0,0,0,0,0,0,0,1,1,0,28,17,5,17:40:00,140.0
222,119.55,15,1022.0,1027.1,1,0,2,2016-10-28 17:40:00,66.6129032258,31.0,10,0,0,0,0,0,0,0,1,0,0,0,0,1,0,0,0,0,0,1,0,0,0,1,0,0,0,0,0,0,0,0,0,0,1,0,0,0,0,0,1,0,0,1,0,0,0,0,0,0,0,0,1,1,0,28,17,5,17:40:00,82.3333333333
223,176.63,15,1022.0,1027.1,1,0,3,2016-10-28 17:40:00,126.730769231,26.0,10,0,0,0,0,0,0,0,1,0,0,0,0,1,0,0,0,0,0,1,0,0,0,1,0,0,0,0,0,0,0,0,0,0,1,0,0,0,0,0,1,0,0,1,0,0,0,0,0,0,0,0,1,1,0,28,17,5,17:40:00,120.333333333
224,149.28,15,1022.0,1027.1,1,1,3,2016-10-28 17:40:00,112.622683262,9.35458167331,10,0,0,0,0,0,0,0,1,0,0,0,0,1,0,0,0,0,0,1,0,0,0,1,0,0,0,0,0,0,0,0,0,0,1,0,0,0,0,0,1,0,0,1,0,0,0,0,0,0,0,0,1,1,0,28,17,5,17:40:00,106.333333333
225,72.56,18,1021.1,1026.3,1,0,1,2016-10-28 18:00:00,193.166666667,12.0,10,0,0,0,0,0,0,0,1,0,0,0,0,1,0,0,0,0,0,0,1,1,0,0,0,0,0,0,0,0,0,0,0,0,1,0,0,0,0,1,0,0,0,1,0,0,0,0,0,0,0,0,1,1,0,28,18,5,18:00:00,37.6666666667
226,263.7,18,1021.1,1026.3,1,1,1,2016-10-28 18:00:00,112.622683262,9.35458167331,10,0,0,0,0,0,0,0,1,0,0,0,0,1,0,0,0,0,0,0,1,1,0,0,0,0,0,0,0,0,0,0,0,0,1,0,0,0,0,1,0,0,0,1,0,0,0,0,0,0,0,0,1,1,0,28,18,5,18:00:00,85.3333333333
227,87.75,18,1021.1,1026.3,1,0,2,2016-10-28 18:00:00,68.7222222222,18.0,10,0,0,0,0,0,0,0,1,0,0,0,0,1,0,0,0,0,0,0,1,1,0,0,0,0,0,0,0,0,0,0,0,0,1,0,0,0,0,1,0,0,0,1,0,0,0,0,0,0,0,0,1,1,0,28,18,5,18:00:00,72.6666666667
228,53.42,18,1021.1,1026.3,1,0,3,2016-10-28 18:00:00,132.916666667,24.0,10,0,0,0,0,0,0,0,1,0,0,0,0,1,0,0,0,0,0,0,1,1,0,0,0,0,0,0,0,0,0,0,0,0,1,0,0,0,0,1,0,0,0,1,0,0,0,0,0,0,0,0,1,1,0,28,18,5,18:00:00,87.6666666667
229,119.39,18,1021.1,1026.3,1,1,3,2016-10-28 18:00:00,112.622683262,9.35458167331,10,0,0,0,0,0,0,0,1,0,0,0,0,1,0,0,0,0,0,0,1,1,0,0,0,0,0,0,0,0,0,0,0,0,1,0,0,0,0,1,0,0,0,1,0,0,0,0,0,0,0,0,1,1,0,28,18,5,18:00:00,95.6666666667
230,17.6,18,1021.1,1026.3,1,0,1,2016-10-28 18:20:00,113.125,8.0,10,0,0,0,0,0,0,0,1,0,0,0,0,1,0,0,0,0,0,0,1,0,1,0,0,0,0,0,0,0,0,0,0,0,1,0,0,0,0,1,0,0,0,1,0,0,0,0,0,0,0,0,1,1,0,28,18,5,18:20:00,38.6666666667
231,267.58,18,1021.1,1026.3,1,1,1,2016-10-28 18:20:00,112.622683262,9.35458167331,10,0,0,0,0,0,0,0,1,0,0,0,0,1,0,0,0,0,0,0,1,0,1,0,0,0,0,0,0,0,0,0,0,0,1,0,0,0,0,1,0,0,0,1,0,0,0,0,0,0,0,0,1,1,0,28,18,5,18:20:00,87.3333333333
232,15.84,18,1021.1,1026.3,1,0,2,2016-10-28 18:20:00,65.6086956522,23.0,10,0,0,0,0,0,0,0,1,0,0,0,0,1,0,0,0,0,0,0,1,0,1,0,0,0,0,0,0,0,0,0,0,0,1,0,0,0,0,1,0,0,0,1,0,0,0,0,0,0,0,0,1,1,0,28,18,5,18:20:00,75.6666666667
233,70.64,18,1021.1,1026.3,1,0,3,2016-10-28 18:20:00,111.846153846,26.0,10,0,0,0,0,0,0,0,1,0,0,0,0,1,0,0,0,0,0,0,1,0,1,0,0,0,0,0,0,0,0,0,0,0,1,0,0,0,0,1,0,0,0,1,0,0,0,0,0,0,0,0,1,1,0,28,18,5,18:20:00,91.3333333333
234,108.16,18,1021.1,1026.3,1,1,3,2016-10-28 18:20:00,112.622683262,9.35458167331,10,0,0,0,0,0,0,0,1,0,0,0,0,1,0,0,0,0,0,0,1,0,1,0,0,0,0,0,0,0,0,0,0,0,1,0,0,0,0,1,0,0,0,1,0,0,0,0,0,0,0,0,1,1,0,28,18,5,18:20:00,78.3333333333
235,278.37,18,1021.1,1026.3,1,0,1,2016-10-28 18:40:00,150.25,8.0,10,0,0,0,0,0,0,0,1,0,0,0,0,1,0,0,0,0,0,0,1,0,0,1,0,0,0,0,0,0,0,0,0,0,1,0,0,0,0,1,0,0,0,1,0,0,0,0,0,0,0,0,1,1,0,28,18,5,18:40:00,38.3333333333
236,244.07,18,1021.1,1026.3,1,1,1,2016-10-28 18:40:00,112.622683262,9.35458167331,10,0,0,0,0,0,0,0,1,0,0,0,0,1,0,0,0,0,0,0,1,0,0,1,0,0,0,0,0,0,0,0,0,0,1,0,0,0,0,1,0,0,0,1,0,0,0,0,0,0,0,0,1,1,0,28,18,5,18:40:00,96.6666666667
237,30.04,18,1021.1,1026.3,1,0,2,2016-10-28 18:40:00,87.0,27.0,10,0,0,0,0,0,0,0,1,0,0,0,0,1,0,0,0,0,0,0,1,0,0,1,0,0,0,0,0,0,0,0,0,0,1,0,0,0,0,1,0,0,0,1,0,0,0,0,0,0,0,0,1,1,0,28,18,5,18:40:00,67.6666666667
238,70.64,18,1021.1,1026.3,1,0,3,2016-10-28 18:40:00,110.705882353,17.0,10,0,0,0,0,0,0,0,1,0,0,0,0,1,0,0,0,0,0,0,1,0,0,1,0,0,0,0,0,0,0,0,0,0,1,0,0,0,0,1,0,0,0,1,0,0,0,0,0,0,0,0,1,1,0,28,18,5,18:40:00,70.6666666667
239,170.04,18,1021.1,1026.3,1,1,3,2016-10-28 18:40:00,112.622683262,9.35458167331,10,0,0,0,0,0,0,0,1,0,0,0,0,1,0,0,0,0,0,0,1,0,0,1,0,0,0,0,0,0,0,0,0,0,1,0,0,0,0,1,0,0,0,1,0,0,0,0,0,0,0,0,1,1,0,28,18,5,18:40:00,64.0
240,183.69,6,1024.0,1029.2,1,0,1,2016-10-29 08:00:00,86.2,5.0,10,0,0,0,0,0,0,0,0,1,0,0,0,0,1,0,0,1,0,0,0,1,0,0,0,1,0,0,0,0,0,0,0,0,0,0,0,0,0,1,0,0,0,0,1,0,0,0,0,0,1,0,0,1,0,29,8,6,08:00:00,40.6666666667
241,64.12,6,1024.0,1029.2,1,1,1,2016-10-29 08:00:00,112.622683262,9.35458167331,10,0,0,0,0,0,0,0,0,1,0,0,0,0,1,0,0,1,0,0,0,1,0,0,0,1,0,0,0,0,0,0,0,0,0,0,0,0,0,1,0,0,0,0,1,0,0,0,0,0,1,0,0,1,0,29,8,6,08:00:00,82.3333333333
242,242.89,6,1024.0,1029.2,1,0,2,2016-10-29 08:00:00,52.0,3.0,10,0,0,0,0,0,0,0,0,1,0,0,0,0,1,0,0,1,0,0,0,1,0,0,0,1,0,0,0,0,0,0,0,0,0,0,0,0,0,1,0,0,0,0,1,0,0,0,0,0,1,0,0,1,0,29,8,6,08:00:00,85.0
243,136.11,6,1024.0,1029.2,1,0,3,2016-10-29 08:00:00,107.2,5.0,10,0,0,0,0,0,0,0,0,1,0,0,0,0,1,0,0,1,0,0,0,1,0,0,0,1,0,0,0,0,0,0,0,0,0,0,0,0,0,1,0,0,0,0,1,0,0,0,0,0,1,0,0,1,0,29,8,6,08:00:00,110.333333333
244,19.39,6,1024.0,1029.2,1,1,3,2016-10-29 08:00:00,112.622683262,9.35458167331,10,0,0,0,0,0,0,0,0,1,0,0,0,0,1,0,0,1,0,0,0,1,0,0,0,1,0,0,0,0,0,0,0,0,0,0,0,0,0,1,0,0,0,0,1,0,0,0,0,0,1,0,0,1,0,29,8,6,08:00:00,90.3333333333
245,82.39,6,1024.0,1029.2,1,0,1,2016-10-29 08:20:00,164.5,2.0,10,0,0,0,0,0,0,0,0,1,0,0,0,0,1,0,0,1,0,0,0,0,1,0,0,1,0,0,0,0,0,0,0,0,0,0,0,0,0,1,0,0,0,0,1,0,0,0,0,0,1,0,0,1,0,29,8,6,08:20:00,54.3333333333
246,229.95,6,1024.0,1029.2,1,1,1,2016-10-29 08:20:00,112.622683262,9.35458167331,10,0,0,0,0,0,0,0,0,1,0,0,0,0,1,0,0,1,0,0,0,0,1,0,0,1,0,0,0,0,0,0,0,0,0,0,0,0,0,1,0,0,0,0,1,0,0,0,0,0,1,0,0,1,0,29,8,6,08:20:00,97.6666666667
247,56.44,6,1024.0,1029.2,1,0,2,2016-10-29 08:20:00,42.5,4.0,10,0,0,0,0,0,0,0,0,1,0,0,0,0,1,0,0,1,0,0,0,0,1,0,0,1,0,0,0,0,0,0,0,0,0,0,0,0,0,1,0,0,0,0,1,0,0,0,0,0,1,0,0,1,0,29,8,6,08:20:00,93.3333333333
248,34.88,6,1024.0,1029.2,1,0,3,2016-10-29 08:20:00,88.2,5.0,10,0,0,0,0,0,0,0,0,1,0,0,0,0,1,0,0,1,0,0,0,0,1,0,0,1,0,0,0,0,0,0,0,0,0,0,0,0,0,1,0,0,0,0,1,0,0,0,0,0,1,0,0,1,0,29,8,6,08:20:00,113.666666667
249,60.56,6,1024.0,1029.2,1,1,3,2016-10-29 08:20:00,112.622683262,9.35458167331,10,0,0,0,0,0,0,0,0,1,0,0,0,0,1,0,0,1,0,0,0,0,1,0,0,1,0,0,0,0,0,0,0,0,0,0,0,0,0,1,0,0,0,0,1,0,0,0,0,0,1,0,0,1,0,29,8,6,08:20:00,84.6666666667
250,292.0,6,1024.0,1029.2,1,0,1,2016-10-29 08:40:00,191.0,4.0,10,0,0,0,0,0,0,0,0,1,0,0,0,0,1,0,0,1,0,0,0,0,0,1,0,1,0,0,0,0,0,0,0,0,0,0,0,0,0,1,0,0,0,0,1,0,0,0,0,0,1,0,0,1,0,29,8,6,08:40:00,55.0
251,214.25,6,1024.0,1029.2,1,1,1,2016-10-29 08:40:00,112.622683262,9.35458167331,10,0,0,0,0,0,0,0,0,1,0,0,0,0,1,0,0,1,0,0,0,0,0,1,0,1,0,0,0,0,0,0,0,0,0,0,0,0,0,1,0,0,0,0,1,0,0,0,0,0,1,0,0,1,0,29,8,6,08:40:00,103.666666667
252,77.6,6,1024.0,1029.2,1,0,2,2016-10-29 08:40:00,53.5,6.0,10,0,0,0,0,0,0,0,0,1,0,0,0,0,1,0,0,1,0,0,0,0,0,1,0,1,0,0,0,0,0,0,0,0,0,0,0,0,0,1,0,0,0,0,1,0,0,0,0,0,1,0,0,1,0,29,8,6,08:40:00,96.6666666667
253,20.4,6,1024.0,1029.2,1,0,3,2016-10-29 08:40:00,94.0,8.0,10,0,0,0,0,0,0,0,0,1,0,0,0,0,1,0,0,1,0,0,0,0,0,1,0,1,0,0,0,0,0,0,0,0,0,0,0,0,0,1,0,0,0,0,1,0,0,0,0,0,1,0,0,1,0,29,8,6,08:40:00,121.0
254,146.24,6,1024.0,1029.2,1,1,3,2016-10-29 08:40:00,112.622683262,9.35458167331,10,0,0,0,0,0,0,0,0,1,0,0,0,0,1,0,0,1,0,0,0,0,0,1,0,1,0,0,0,0,0,0,0,0,0,0,0,0,0,1,0,0,0,0,1,0,0,0,0,0,1,0,0,1,0,29,8,6,08:40:00,108.0
255,142.13,9,1024.6,1029.8,1,0,1,2016-10-29 09:00:00,164.25,4.0,10,0,0,0,0,0,0,0,0,1,0,0,0,0,1,0,0,0,1,0,0,1,0,0,1,0,0,0,0,0,0,0,0,0,0,0,0,0,0,1,0,0,0,1,0,0,0,0,0,0,1,0,0,1,0,29,9,6,09:00:00,59.6666666667
256,154.18,9,1024.6,1029.8,1,1,1,2016-10-29 09:00:00,112.622683262,9.35458167331,10,0,0,0,0,0,0,0,0,1,0,0,0,0,1,0,0,0,1,0,0,1,0,0,1,0,0,0,0,0,0,0,0,0,0,0,0,0,0,1,0,0,0,1,0,0,0,0,0,0,1,0,0,1,0,29,9,6,09:00:00,93.0
257,169.61,9,1024.6,1029.8,1,0,2,2016-10-29 09:00:00,50.75,8.0,10,0,0,0,0,0,0,0,0,1,0,0,0,0,1,0,0,0,1,0,0,1,0,0,1,0,0,0,0,0,0,0,0,0,0,0,0,0,0,1,0,0,0,1,0,0,0,0,0,0,1,0,0,1,0,29,9,6,09:00:00,92.0
258,159.22,9,1024.6,1029.8,1,0,3,2016-10-29 09:00:00,93.7272727273,11.0,10,0,0,0,0,0,0,0,0,1,0,0,0,0,1,0,0,0,1,0,0,1,0,0,1,0,0,0,0,0,0,0,0,0,0,0,0,0,0,1,0,0,0,1,0,0,0,0,0,0,1,0,0,1,0,29,9,6,09:00:00,126.666666667
259,165.47,9,1024.6,1029.8,1,1,3,2016-10-29 09:00:00,112.622683262,9.35458167331,10,0,0,0,0,0,0,0,0,1,0,0,0,0,1,0,0,0,1,0,0,1,0,0,1,0,0,0,0,0,0,0,0,0,0,0,0,0,0,1,0,0,0,1,0,0,0,0,0,0,1,0,0,1,0,29,9,6,09:00:00,95.3333333333
260,287.14,9,1024.6,1029.8,1,0,1,2016-10-29 09:20:00,137.0,5.0,10,0,0,0,0,0,0,0,0,1,0,0,0,0,1,0,0,0,1,0,0,0,1,0,1,0,0,0,0,0,0,0,0,0,0,0,0,0,0,1,0,0,0,1,0,0,0,0,0,0,1,0,0,1,0,29,9,6,09:20:00,65.0
261,215.6,9,1024.6,1029.8,1,1,1,2016-10-29 09:20:00,112.622683262,9.35458167331,10,0,0,0,0,0,0,0,0,1,0,0,0,0,1,0,0,0,1,0,0,0,1,0,1,0,0,0,0,0,0,0,0,0,0,0,0,0,0,1,0,0,0,1,0,0,0,0,0,0,1,0,0,1,0,29,9,6,09:20:00,89.6666666667
262,41.47,9,1024.6,1029.8,1,0,2,2016-10-29 09:20:00,64.9166666667,12.0,10,0,0,0,0,0,0,0,0,1,0,0,0,0,1,0,0,0,1,0,0,0,1,0,1,0,0,0,0,0,0,0,0,0,0,0,0,0,0,1,0,0,0,1,0,0,0,0,0,0,1,0,0,1,0,29,9,6,09:20:00,100.0
263,184.25,9,1024.6,1029.8,1,0,3,2016-10-29 09:20:00,107.666666667,6.0,10,0,0,0,0,0,0,0,0,1,0,0,0,0,1,0,0,0,1,0,0,0,1,0,1,0,0,0,0,0,0,0,0,0,0,0,0,0,0,1,0,0,0,1,0,0,0,0,0,0,1,0,0,1,0,29,9,6,09:20:00,114.666666667
264,251.95,9,1024.6,1029.8,1,1,3,2016-10-29 09:20:00,112.622683262,9.35458167331,10,0,0,0,0,0,0,0,0,1,0,0,0,0,1,0,0,0,1,0,0,0,1,0,1,0,0,0,0,0,0,0,0,0,0,0,0,0,0,1,0,0,0,1,0,0,0,0,0,0,1,0,0,1,0,29,9,6,09:20:00,103.0
265,285.57,9,1024.6,1029.8,1,0,1,2016-10-29 09:40:00,104.666666667,3.0,10,0,0,0,0,0,0,0,0,1,0,0,0,0,1,0,0,0,1,0,0,0,0,1,1,0,0,0,0,0,0,0,0,0,0,0,0,0,0,1,0,0,0,1,0,0,0,0,0,0,1,0,0,1,0,29,9,6,09:40:00,54.0
266,159.25,9,1024.6,1029.8,1,1,1,2016-10-29 09:40:00,112.622683262,9.35458167331,10,0,0,0,0,0,0,0,0,1,0,0,0,0,1,0,0,0,1,0,0,0,0,1,1,0,0,0,0,0,0,0,0,0,0,0,0,0,0,1,0,0,0,1,0,0,0,0,0,0,1,0,0,1,0,29,9,6,09:40:00,99.6666666667
267,249.55,9,1024.6,1029.8,1,0,2,2016-10-29 09:40:00,53.8125,16.0,10,0,0,0,0,0,0,0,0,1,0,0,0,0,1,0,0,0,1,0,0,0,0,1,1,0,0,0,0,0,0,0,0,0,0,0,0,0,0,1,0,0,0,1,0,0,0,0,0,0,1,0,0,1,0,29,9,6,09:40:00,93.0
268,211.01,9,1024.6,1029.8,1,0,3,2016-10-29 09:40:00,134.75,8.0,10,0,0,0,0,0,0,0,0,1,0,0,0,0,1,0,0,0,1,0,0,0,0,1,1,0,0,0,0,0,0,0,0,0,0,0,0,0,0,1,0,0,0,1,0,0,0,0,0,0,1,0,0,1,0,29,9,6,09:40:00,122.0
269,278.27,9,1024.6,1029.8,1,1,3,2016-10-29 09:40:00,112.622683262,9.35458167331,10,0,0,0,0,0,0,0,0,1,0,0,0,0,1,0,0,0,1,0,0,0,0,1,1,0,0,0,0,0,0,0,0,0,0,0,0,0,0,1,0,0,0,1,0,0,0,0,0,0,1,0,0,1,0,29,9,6,09:40:00,102.666666667
270,79.79,15,1026.4,1031.6,1,0,1,2016-10-29 17:00:00,164.625,8.0,10,0,0,0,0,0,0,0,0,1,0,0,0,0,1,0,0,0,0,1,0,1,0,0,0,0,0,0,0,0,0,0,0,1,0,0,0,1,0,0,0,0,0,1,0,0,0,0,0,0,0,1,0,1,0,29,17,6,17:00:00,62.6666666667
271,154.74,15,1026.4,1031.6,1,1,1,2016-10-29 17:00:00,112.622683262,9.35458167331,10,0,0,0,0,0,0,0,0,1,0,0,0,0,1,0,0,0,0,1,0,1,0,0,0,0,0,0,0,0,0,0,0,1,0,0,0,1,0,0,0,0,0,1,0,0,0,0,0,0,0,1,0,1,0,29,17,6,17:00:00,84.3333333333
272,209.61,15,1026.4,1031.6,1,0,2,2016-10-29 17:00:00,71.7692307692,26.0,10,0,0,0,0,0,0,0,0,1,0,0,0,0,1,0,0,0,0,1,0,1,0,0,0,0,0,0,0,0,0,0,0,1,0,0,0,1,0,0,0,0,0,1,0,0,0,0,0,0,0,1,0,1,0,29,17,6,17:00:00,70.3333333333
273,158.25,15,1026.4,1031.6,1,0,3,2016-10-29 17:00:00,125.684210526,19.0,10,0,0,0,0,0,0,0,0,1,0,0,0,0,1,0,0,0,0,1,0,1,0,0,0,0,0,0,0,0,0,0,0,1,0,0,0,1,0,0,0,0,0,1,0,0,0,0,0,0,0,1,0,1,0,29,17,6,17:00:00,123.0
274,293.55,15,1026.4,1031.6,1,1,3,2016-10-29 17:00:00,112.622683262,9.35458167331,10,0,0,0,0,0,0,0,0,1,0,0,0,0,1,0,0,0,0,1,0,1,0,0,0,0,0,0,0,0,0,0,0,1,0,0,0,1,0,0,0,0,0,1,0,0,0,0,0,0,0,1,0,1,0,29,17,6,17:00:00,84.3333333333
275,202.72,15,1026.4,1031.6,1,0,1,2016-10-29 17:20:00,145.2,5.0,10,0,0,0,0,0,0,0,0,1,0,0,0,0,1,0,0,0,0,1,0,0,1,0,0,0,0,0,0,0,0,0,0,1,0,0,0,1,0,0,0,0,0,1,0,0,0,0,0,0,0,1,0,1,0,29,17,6,17:20:00,52.6666666667
276,106.97,15,1026.4,1031.6,1,1,1,2016-10-29 17:20:00,112.622683262,9.35458167331,10,0,0,0,0,0,0,0,0,1,0,0,0,0,1,0,0,0,0,1,0,0,1,0,0,0,0,0,0,0,0,0,0,1,0,0,0,1,0,0,0,0,0,1,0,0,0,0,0,0,0,1,0,1,0,29,17,6,17:20:00,94.3333333333
277,108.61,15,1026.4,1031.6,1,0,2,2016-10-29 17:20:00,74.5333333333,15.0,10,0,0,0,0,0,0,0,0,1,0,0,0,0,1,0,0,0,0,1,0,0,1,0,0,0,0,0,0,0,0,0,0,1,0,0,0,1,0,0,0,0,0,1,0,0,0,0,0,0,0,1,0,1,0,29,17,6,17:20:00,73.6666666667
278,170.87,15,1026.4,1031.6,1,0,3,2016-10-29 17:20:00,179.857142857,14.0,10,0,0,0,0,0,0,0,0,1,0,0,0,0,1,0,0,0,0,1,0,0,1,0,0,0,0,0,0,0,0,0,0,1,0,0,0,1,0,0,0,0,0,1,0,0,0,0,0,0,0,1,0,1,0,29,17,6,17:20:00,121.666666667
279,189.86,15,1026.4,1031.6,1,1,3,2016-10-29 17:20:00,112.622683262,9.35458167331,10,0,0,0,0,0,0,0,0,1,0,0,0,0,1,0,0,0,0,1,0,0,1,0,0,0,0,0,0,0,0,0,0,1,0,0,0,1,0,0,0,0,0,1,0,0,0,0,0,0,0,1,0,1,0,29,17,6,17:20:00,81.0
280,182.03,15,1026.4,1031.6,1,0,1,2016-10-29 17:40:00,142.0,5.0,10,0,0,0,0,0,0,0,0,1,0,0,0,0,1,0,0,0,0,1,0,0,0,1,0,0,0,0,0,0,0,0,0,1,0,0,0,1,0,0,0,0,0,1,0,0,0,0,0,0,0,1,0,1,0,29,17,6,17:40:00,31.3333333333
281,163.93,15,1026.4,1031.6,1,1,1,2016-10-29 17:40:00,112.622683262,9.35458167331,10,0,0,0,0,0,0,0,0,1,0,0,0,0,1,0,0,0,0,1,0,0,0,1,0,0,0,0,0,0,0,0,0,1,0,0,0,1,0,0,0,0,0,1,0,0,0,0,0,0,0,1,0,1,0,29,17,6,17:40:00,94.3333333333
282,277.7,15,1026.4,1031.6,1,0,2,2016-10-29 17:40:00,73.4117647059,17.0,10,0,0,0,0,0,0,0,0,1,0,0,0,0,1,0,0,0,0,1,0,0,0,1,0,0,0,0,0,0,0,0,0,1,0,0,0,1,0,0,0,0,0,1,0,0,0,0,0,0,0,1,0,1,0,29,17,6,17:40:00,61.0
283,150.21,15,1026.4,1031.6,1,0,3,2016-10-29 17:40:00,141.3125,16.0,10,0,0,0,0,0,0,0,0,1,0,0,0,0,1,0,0,0,0,1,0,0,0,1,0,0,0,0,0,0,0,0,0,1,0,0,0,1,0,0,0,0,0,1,0,0,0,0,0,0,0,1,0,1,0,29,17,6,17:40:00,95.6666666667
284,197.63,15,1026.4,1031.6,1,1,3,2016-10-29 17:40:00,112.622683262,9.35458167331,10,0,0,0,0,0,0,0,0,1,0,0,0,0,1,0,0,0,0,1,0,0,0,1,0,0,0,0,0,0,0,0,0,1,0,0,0,1,0,0,0,0,0,1,0,0,0,0,0,0,0,1,0,1,0,29,17,6,17:40:00,79.6666666667
285,265.82,18,1025.1,1030.3,1,0,1,2016-10-29 18:00:00,139.333333333,3.0,10,0,0,0,0,0,0,0,0,1,0,0,0,0,1,0,0,0,0,0,1,1,0,0,0,0,0,0,0,0,0,0,0,0,1,0,0,0,1,0,0,0,0,1,0,0,0,0,0,0,0,1,0,1,0,29,18,6,18:00:00,34.0
286,39.73,18,1025.1,1030.3,1,1,1,2016-10-29 18:00:00,112.622683262,9.35458167331,10,0,0,0,0,0,0,0,0,1,0,0,0,0,1,0,0,0,0,0,1,1,0,0,0,0,0,0,0,0,0,0,0,0,1,0,0,0,1,0,0,0,0,1,0,0,0,0,0,0,0,1,0,1,0,29,18,6,18:00:00,64.0
287,261.81,18,1025.1,1030.3,1,0,2,2016-10-29 18:00:00,68.2142857143,14.0,10,0,0,0,0,0,0,0,0,1,0,0,0,0,1,0,0,0,0,0,1,1,0,0,0,0,0,0,0,0,0,0,0,0,1,0,0,0,1,0,0,0,0,1,0,0,0,0,0,0,0,1,0,1,0,29,18,6,18:00:00,38.6666666667
288,76.39,18,1025.1,1030.3,1,0,3,2016-10-29 18:00:00,128.1875,16.0,10,0,0,0,0,0,0,0,0,1,0,0,0,0,1,0,0,0,0,0,1,1,0,0,0,0,0,0,0,0,0,0,0,0,1,0,0,0,1,0,0,0,0,1,0,0,0,0,0,0,0,1,0,1,0,29,18,6,18:00:00,89.3333333333
289,11.14,18,1025.1,1030.3,1,1,3,2016-10-29 18:00:00,112.622683262,9.35458167331,10,0,0,0,0,0,0,0,0,1,0,0,0,0,1,0,0,0,0,0,1,1,0,0,0,0,0,0,0,0,0,0,0,0,1,0,0,0,1,0,0,0,0,1,0,0,0,0,0,0,0,1,0,1,0,29,18,6,18:00:00,68.3333333333
290,69.19,18,1025.1,1030.3,1,0,1,2016-10-29 18:20:00,160.444444444,9.0,10,0,0,0,0,0,0,0,0,1,0,0,0,0,1,0,0,0,0,0,1,0,1,0,0,0,0,0,0,0,0,0,0,0,1,0,0,0,1,0,0,0,0,1,0,0,0,0,0,0,0,1,0,1,0,29,18,6,18:20:00,29.3333333333
291,198.59,18,1025.1,1030.3,1,1,1,2016-10-29 18:20:00,112.622683262,9.35458167331,10,0,0,0,0,0,0,0,0,1,0,0,0,0,1,0,0,0,0,0,1,0,1,0,0,0,0,0,0,0,0,0,0,0,1,0,0,0,1,0,0,0,0,1,0,0,0,0,0,0,0,1,0,1,0,29,18,6,18:20:00,64.0
292,36.99,18,1025.1,1030.3,1,0,2,2016-10-29 18:20:00,72.5,14.0,10,0,0,0,0,0,0,0,0,1,0,0,0,0,1,0,0,0,0,0,1,0,1,0,0,0,0,0,0,0,0,0,0,0,1,0,0,0,1,0,0,0,0,1,0,0,0,0,0,0,0,1,0,1,0,29,18,6,18:20:00,37.0
293,103.71,18,1025.1,1030.3,1,0,3,2016-10-29 18:20:00,132.708333333,24.0,10,0,0,0,0,0,0,0,0,1,0,0,0,0,1,0,0,0,0,0,1,0,1,0,0,0,0,0,0,0,0,0,0,0,1,0,0,0,1,0,0,0,0,1,0,0,0,0,0,0,0,1,0,1,0,29,18,6,18:20:00,83.0
294,86.89,18,1025.1,1030.3,1,1,3,2016-10-29 18:20:00,112.622683262,9.35458167331,10,0,0,0,0,0,0,0,0,1,0,0,0,0,1,0,0,0,0,0,1,0,1,0,0,0,0,0,0,0,0,0,0,0,1,0,0,0,1,0,0,0,0,1,0,0,0,0,0,0,0,1,0,1,0,29,18,6,18:20:00,72.3333333333
295,107.16,18,1025.1,1030.3,1,0,1,2016-10-29 18:40:00,130.0,5.0,10,0,0,0,0,0,0,0,0,1,0,0,0,0,1,0,0,0,0,0,1,0,0,1,0,0,0,0,0,0,0,0,0,0,1,0,0,0,1,0,0,0,0,1,0,0,0,0,0,0,0,1,0,1,0,29,18,6,18:40:00,32.3333333333
296,255.78,18,1025.1,1030.3,1,1,1,2016-10-29 18:40:00,112.622683262,9.35458167331,10,0,0,0,0,0,0,0,0,1,0,0,0,0,1,0,0,0,0,0,1,0,0,1,0,0,0,0,0,0,0,0,0,0,1,0,0,0,1,0,0,0,0,1,0,0,0,0,0,0,0,1,0,1,0,29,18,6,18:40:00,58.0
297,181.74,18,1025.1,1030.3,1,0,2,2016-10-29 18:40:00,66.0625,16.0,10,0,0,0,0,0,0,0,0,1,0,0,0,0,1,0,0,0,0,0,1,0,0,1,0,0,0,0,0,0,0,0,0,0,1,0,0,0,1,0,0,0,0,1,0,0,0,0,0,0,0,1,0,1,0,29,18,6,18:40:00,22.6666666667
298,183.59,18,1025.1,1030.3,1,0,3,2016-10-29 18:40:00,117.416666667,12.0,10,0,0,0,0,0,0,0,0,1,0,0,0,0,1,0,0,0,0,0,1,0,0,1,0,0,0,0,0,0,0,0,0,0,1,0,0,0,1,0,0,0,0,1,0,0,0,0,0,0,0,1,0,1,0,29,18,6,18:40:00,70.6666666667
299,163.21,18,1025.1,1030.3,1,1,3,2016-10-29 18:40:00,112.622683262,9.35458167331,10,0,0,0,0,0,0,0,0,1,0,0,0,0,1,0,0,0,0,0,1,0,0,1,0,0,0,0,0,0,0,0,0,0,1,0,0,0,1,0,0,0,0,1,0,0,0,0,0,0,0,1,0,1,0,29,18,6,18:40:00,75.0
300,198.5,6,1021.3,1026.5,1,0,1,2016-10-30 08:00:00,124.5,2.0,10,0,0,1,0,0,0,0,0,0,0,0,0,0,0,1,0,1,0,0,0,1,0,0,0,0,1,0,0,0,0,0,0,0,0,0,0,1,0,0,0,0,0,0,0,1,0,0,0,1,0,0,0,1,0,30,8,0,08:00:00,35.0
301,189.61,6,1021.3,1026.5,1,1,1,2016-10-30 08:00:00,112.622683262,9.35458167331,10,0,0,1,0,0,0,0,0,0,0,0,0,0,0,1,0,1,0,0,0,1,0,0,0,0,1,0,0,0,0,0,0,0,0,0,0,1,0,0,0,0,0,0,0,1,0,0,0,1,0,0,0,1,0,30,8,0,08:00:00,79.75
302,27.16,6,1021.3,1026.5,1,0,2,2016-10-30 08:00:00,52.3333333333,3.0,10,0,0,1,0,0,0,0,0,0,0,0,0,0,0,1,0,1,0,0,0,1,0,0,0,0,1,0,0,0,0,0,0,0,0,0,0,1,0,0,0,0,0,0,0,1,0,0,0,1,0,0,0,1,0,30,8,0,08:00:00,81.0
303,80.57,6,1021.3,1026.5,1,0,3,2016-10-30 08:00:00,75.0,2.0,10,0,0,1,0,0,0,0,0,0,0,0,0,0,0,1,0,1,0,0,0,1,0,0,0,0,1,0,0,0,0,0,0,0,0,0,0,1,0,0,0,0,0,0,0,1,0,0,0,1,0,0,0,1,0,30,8,0,08:00:00,105.5
304,130.9,6,1021.3,1026.5,1,1,3,2016-10-30 08:00:00,112.622683262,9.35458167331,10,0,0,1,0,0,0,0,0,0,0,0,0,0,0,1,0,1,0,0,0,1,0,0,0,0,1,0,0,0,0,0,0,0,0,0,0,1,0,0,0,0,0,0,0,1,0,0,0,1,0,0,0,1,0,30,8,0,08:00:00,92.5
305,121.71,6,1021.3,1026.5,1,0,1,2016-10-30 08:20:00,137.0,2.0,10,0,0,1,0,0,0,0,0,0,0,0,0,0,0,1,0,1,0,0,0,0,1,0,0,0,1,0,0,0,0,0,0,0,0,0,0,1,0,0,0,0,0,0,0,1,0,0,0,1,0,0,0,1,0,30,8,0,08:20:00,37.75
306,103.14,6,1021.3,1026.5,1,1,1,2016-10-30 08:20:00,112.622683262,9.35458167331,10,0,0,1,0,0,0,0,0,0,0,0,0,0,0,1,0,1,0,0,0,0,1,0,0,0,1,0,0,0,0,0,0,0,0,0,0,1,0,0,0,0,0,0,0,1,0,0,0,1,0,0,0,1,0,30,8,0,08:20:00,89.25
307,216.13,6,1021.3,1026.5,1,0,2,2016-10-30 08:20:00,65.3333333333,3.0,10,0,0,1,0,0,0,0,0,0,0,0,0,0,0,1,0,1,0,0,0,0,1,0,0,0,1,0,0,0,0,0,0,0,0,0,0,1,0,0,0,0,0,0,0,1,0,0,0,1,0,0,0,1,0,30,8,0,08:20:00,85.5
308,244.42,6,1021.3,1026.5,1,0,3,2016-10-30 08:20:00,124.5,2.0,10,0,0,1,0,0,0,0,0,0,0,0,0,0,0,1,0,1,0,0,0,0,1,0,0,0,1,0,0,0,0,0,0,0,0,0,0,1,0,0,0,0,0,0,0,1,0,0,0,1,0,0,0,1,0,30,8,0,08:20:00,111.25
309,41.54,6,1021.3,1026.5,1,1,3,2016-10-30 08:20:00,112.622683262,9.35458167331,10,0,0,1,0,0,0,0,0,0,0,0,0,0,0,1,0,1,0,0,0,0,1,0,0,0,1,0,0,0,0,0,0,0,0,0,0,1,0,0,0,0,0,0,0,1,0,0,0,1,0,0,0,1,0,30,8,0,08:20:00,95.25
310,170.09,6,1021.3,1026.5,1,0,1,2016-10-30 08:40:00,145.333333333,3.0,10,0,0,1,0,0,0,0,0,0,0,0,0,0,0,1,0,1,0,0,0,0,0,1,0,0,1,0,0,0,0,0,0,0,0,0,0,1,0,0,0,0,0,0,0,1,0,0,0,1,0,0,0,1,0,30,8,0,08:40:00,39.25
311,243.65,6,1021.3,1026.5,1,1,1,2016-10-30 08:40:00,112.622683262,9.35458167331,10,0,0,1,0,0,0,0,0,0,0,0,0,0,0,1,0,1,0,0,0,0,0,1,0,0,1,0,0,0,0,0,0,0,0,0,0,1,0,0,0,0,0,0,0,1,0,0,0,1,0,0,0,1,0,30,8,0,08:40:00,89.75
312,191.69,6,1021.3,1026.5,1,0,2,2016-10-30 08:40:00,62.0,4.0,10,0,0,1,0,0,0,0,0,0,0,0,0,0,0,1,0,1,0,0,0,0,0,1,0,0,1,0,0,0,0,0,0,0,0,0,0,1,0,0,0,0,0,0,0,1,0,0,0,1,0,0,0,1,0,30,8,0,08:40:00,89.75
313,209.11,6,1021.3,1026.5,1,0,3,2016-10-30 08:40:00,101.090909091,11.0,10,0,0,1,0,0,0,0,0,0,0,0,0,0,0,1,0,1,0,0,0,0,0,1,0,0,1,0,0,0,0,0,0,0,0,0,0,1,0,0,0,0,0,0,0,1,0,0,0,1,0,0,0,1,0,30,8,0,08:40:00,110.75
314,14.25,6,1021.3,1026.5,1,1,3,2016-10-30 08:40:00,112.622683262,9.35458167331,10,0,0,1,0,0,0,0,0,0,0,0,0,0,0,1,0,1,0,0,0,0,0,1,0,0,1,0,0,0,0,0,0,0,0,0,0,1,0,0,0,0,0,0,0,1,0,0,0,1,0,0,0,1,0,30,8,0,08:40:00,95.25
315,263.95,9,1020.5,1025.7,1,0,1,2016-10-30 09:00:00,146.5,2.0,10,0,0,1,0,0,0,0,0,0,0,0,0,0,0,1,0,0,1,0,0,1,0,0,0,0,0,1,0,0,0,0,0,0,0,0,0,0,1,0,0,0,0,0,0,1,0,0,0,1,0,0,0,1,0,30,9,0,09:00:00,45.5
316,233.19,9,1020.5,1025.7,1,1,1,2016-10-30 09:00:00,112.622683262,9.35458167331,10,0,0,1,0,0,0,0,0,0,0,0,0,0,0,1,0,0,1,0,0,1,0,0,0,0,0,1,0,0,0,0,0,0,0,0,0,0,1,0,0,0,0,0,0,1,0,0,0,1,0,0,0,1,0,30,9,0,09:00:00,103.75
317,203.15,9,1020.5,1025.7,1,0,2,2016-10-30 09:00:00,54.6153846154,13.0,10,0,0,1,0,0,0,0,0,0,0,0,0,0,0,1,0,0,1,0,0,1,0,0,0,0,0,1,0,0,0,0,0,0,0,0,0,0,1,0,0,0,0,0,0,1,0,0,0,1,0,0,0,1,0,30,9,0,09:00:00,87.5
318,47.52,9,1020.5,1025.7,1,0,3,2016-10-30 09:00:00,109.714285714,7.0,10,0,0,1,0,0,0,0,0,0,0,0,0,0,0,1,0,0,1,0,0,1,0,0,0,0,0,1,0,0,0,0,0,0,0,0,0,0,1,0,0,0,0,0,0,1,0,0,0,1,0,0,0,1,0,30,9,0,09:00:00,104.75
319,236.48,9,1020.5,1025.7,1,1,3,2016-10-30 09:00:00,112.622683262,9.35458167331,10,0,0,1,0,0,0,0,0,0,0,0,0,0,0,1,0,0,1,0,0,1,0,0,0,0,0,1,0,0,0,0,0,0,0,0,0,0,1,0,0,0,0,0,0,1,0,0,0,1,0,0,0,1,0,30,9,0,09:00:00,104.5
320,94.98,9,1020.5,1025.7,1,0,1,2016-10-30 09:20:00,108.0,3.0,10,0,0,1,0,0,0,0,0,0,0,0,0,0,0,1,0,0,1,0,0,0,1,0,0,0,0,1,0,0,0,0,0,0,0,0,0,0,1,0,0,0,0,0,0,1,0,0,0,1,0,0,0,1,0,30,9,0,09:20:00,41.25
321,278.49,9,1020.5,1025.7,1,1,1,2016-10-30 09:20:00,112.622683262,9.35458167331,10,0,0,1,0,0,0,0,0,0,0,0,0,0,0,1,0,0,1,0,0,0,1,0,0,0,0,1,0,0,0,0,0,0,0,0,0,0,1,0,0,0,0,0,0,1,0,0,0,1,0,0,0,1,0,30,9,0,09:20:00,102.25
322,52.98,9,1020.5,1025.7,1,0,2,2016-10-30 09:20:00,47.7,10.0,10,0,0,1,0,0,0,0,0,0,0,0,0,0,0,1,0,0,1,0,0,0,1,0,0,0,0,1,0,0,0,0,0,0,0,0,0,0,1,0,0,0,0,0,0,1,0,0,0,1,0,0,0,1,0,30,9,0,09:20:00,93.0
323,193.23,9,1020.5,1025.7,1,0,3,2016-10-30 09:20:00,107.5,4.0,10,0,0,1,0,0,0,0,0,0,0,0,0,0,0,1,0,0,1,0,0,0,1,0,0,0,0,1,0,0,0,0,0,0,0,0,0,0,1,0,0,0,0,0,0,1,0,0,0,1,0,0,0,1,0,30,9,0,09:20:00,108.25
324,227.63,9,1020.5,1025.7,1,1,3,2016-10-30 09:20:00,112.622683262,9.35458167331,10,0,0,1,0,0,0,0,0,0,0,0,0,0,0,1,0,0,1,0,0,0,1,0,0,0,0,1,0,0,0,0,0,0,0,0,0,0,1,0,0,0,0,0,0,1,0,0,0,1,0,0,0,1,0,30,9,0,09:20:00,101.5
325,10.48,9,1020.5,1025.7,1,0,1,2016-10-30 09:40:00,103.666666667,3.0,10,0,0,1,0,0,0,0,0,0,0,0,0,0,0,1,0,0,1,0,0,0,0,1,0,0,0,1,0,0,0,0,0,0,0,0,0,0,1,0,0,0,0,0,0,1,0,0,0,1,0,0,0,1,0,30,9,0,09:40:00,45.0
326,55.45,9,1020.5,1025.7,1,1,1,2016-10-30 09:40:00,112.622683262,9.35458167331,10,0,0,1,0,0,0,0,0,0,0,0,0,0,0,1,0,0,1,0,0,0,0,1,0,0,0,1,0,0,0,0,0,0,0,0,0,0,1,0,0,0,0,0,0,1,0,0,0,1,0,0,0,1,0,30,9,0,09:40:00,93.5
327,238.16,9,1020.5,1025.7,1,0,2,2016-10-30 09:40:00,50.5454545455,11.0,10,0,0,1,0,0,0,0,0,0,0,0,0,0,0,1,0,0,1,0,0,0,0,1,0,0,0,1,0,0,0,0,0,0,0,0,0,0,1,0,0,0,0,0,0,1,0,0,0,1,0,0,0,1,0,30,9,0,09:40:00,84.5
328,149.61,9,1020.5,1025.7,1,0,3,2016-10-30 09:40:00,113.75,4.0,10,0,0,1,0,0,0,0,0,0,0,0,0,0,0,1,0,0,1,0,0,0,0,1,0,0,0,1,0,0,0,0,0,0,0,0,0,0,1,0,0,0,0,0,0,1,0,0,0,1,0,0,0,1,0,30,9,0,09:40:00,95.5
329,115.17,9,1020.5,1025.7,1,1,3,2016-10-30 09:40:00,112.622683262,9.35458167331,10,0,0,1,0,0,0,0,0,0,0,0,0,0,0,1,0,0,1,0,0,0,0,1,0,0,0,1,0,0,0,0,0,0,0,0,0,0,1,0,0,0,0,0,0,1,0,0,0,1,0,0,0,1,0,30,9,0,09:40:00,92.25
330,180.98,15,1020.6,1025.8,1,0,1,2016-10-30 17:00:00,173.5,4.0,10,0,0,1,0,0,0,0,0,0,0,0,0,0,0,1,0,0,0,1,0,1,0,0,0,0,0,0,0,0,0,1,0,0,0,0,0,1,0,0,0,0,0,0,1,0,0,0,0,0,1,0,0,1,0,30,17,0,17:00:00,52.25
331,35.51,15,1020.6,1025.8,1,1,1,2016-10-30 17:00:00,112.622683262,9.35458167331,10,0,0,1,0,0,0,0,0,0,0,0,0,0,0,1,0,0,0,1,0,1,0,0,0,0,0,0,0,0,0,1,0,0,0,0,0,1,0,0,0,0,0,0,1,0,0,0,0,0,1,0,0,1,0,30,17,0,17:00:00,110.75
332,58.24,15,1020.6,1025.8,1,0,2,2016-10-30 17:00:00,66.6875,16.0,10,0,0,1,0,0,0,0,0,0,0,0,0,0,0,1,0,0,0,1,0,1,0,0,0,0,0,0,0,0,0,1,0,0,0,0,0,1,0,0,0,0,0,0,1,0,0,0,0,0,1,0,0,1,0,30,17,0,17:00:00,80.75
333,274.3,15,1020.6,1025.8,1,0,3,2016-10-30 17:00:00,126.6,25.0,10,0,0,1,0,0,0,0,0,0,0,0,0,0,0,1,0,0,0,1,0,1,0,0,0,0,0,0,0,0,0,1,0,0,0,0,0,1,0,0,0,0,0,0,1,0,0,0,0,0,1,0,0,1,0,30,17,0,17:00:00,117.75
334,20.78,15,1020.6,1025.8,1,1,3,2016-10-30 17:00:00,112.622683262,9.35458167331,10,0,0,1,0,0,0,0,0,0,0,0,0,0,0,1,0,0,0,1,0,1,0,0,0,0,0,0,0,0,0,1,0,0,0,0,0,1,0,0,0,0,0,0,1,0,0,0,0,0,1,0,0,1,0,30,17,0,17:00:00,93.5
335,226.59,15,1020.6,1025.8,1,0,1,2016-10-30 17:20:00,187.0,4.0,10,0,0,1,0,0,0,0,0,0,0,0,0,0,0,1,0,0,0,1,0,0,1,0,0,0,0,0,0,0,0,1,0,0,0,0,0,1,0,0,0,0,0,0,1,0,0,0,0,0,1,0,0,1,0,30,17,0,17:20:00,43.25
336,42.09,15,1020.6,1025.8,1,1,1,2016-10-30 17:20:00,112.622683262,9.35458167331,10,0,0,1,0,0,0,0,0,0,0,0,0,0,0,1,0,0,0,1,0,0,1,0,0,0,0,0,0,0,0,1,0,0,0,0,0,1,0,0,0,0,0,0,1,0,0,0,0,0,1,0,0,1,0,30,17,0,17:20:00,113.25
337,228.84,15,1020.6,1025.8,1,0,2,2016-10-30 17:20:00,51.3636363636,11.0,10,0,0,1,0,0,0,0,0,0,0,0,0,0,0,1,0,0,0,1,0,0,1,0,0,0,0,0,0,0,0,1,0,0,0,0,0,1,0,0,0,0,0,0,1,0,0,0,0,0,1,0,0,1,0,30,17,0,17:20:00,70.25
338,218.15,15,1020.6,1025.8,1,0,3,2016-10-30 17:20:00,156.178571429,28.0,10,0,0,1,0,0,0,0,0,0,0,0,0,0,0,1,0,0,0,1,0,0,1,0,0,0,0,0,0,0,0,1,0,0,0,0,0,1,0,0,0,0,0,0,1,0,0,0,0,0,1,0,0,1,0,30,17,0,17:20:00,112.25
339,28.62,15,1020.6,1025.8,1,1,3,2016-10-30 17:20:00,112.622683262,9.35458167331,10,0,0,1,0,0,0,0,0,0,0,0,0,0,0,1,0,0,0,1,0,0,1,0,0,0,0,0,0,0,0,1,0,0,0,0,0,1,0,0,0,0,0,0,1,0,0,0,0,0,1,0,0,1,0,30,17,0,17:20:00,91.0
340,29.4,15,1020.6,1025.8,1,0,1,2016-10-30 17:40:00,214.714285714,7.0,10,0,0,1,0,0,0,0,0,0,0,0,0,0,0,1,0,0,0,1,0,0,0,1,0,0,0,0,0,0,0,1,0,0,0,0,0,1,0,0,0,0,0,0,1,0,0,0,0,0,1,0,0,1,0,30,17,0,17:40:00,39.25
341,266.53,15,1020.6,1025.8,1,1,1,2016-10-30 17:40:00,112.622683262,9.35458167331,10,0,0,1,0,0,0,0,0,0,0,0,0,0,0,1,0,0,0,1,0,0,0,1,0,0,0,0,0,0,0,1,0,0,0,0,0,1,0,0,0,0,0,0,1,0,0,0,0,0,1,0,0,1,0,30,17,0,17:40:00,101.5
342,235.01,15,1020.6,1025.8,1,0,2,2016-10-30 17:40:00,63.0,20.0,10,0,0,1,0,0,0,0,0,0,0,0,0,0,0,1,0,0,0,1,0,0,0,1,0,0,0,0,0,0,0,1,0,0,0,0,0,1,0,0,0,0,0,0,1,0,0,0,0,0,1,0,0,1,0,30,17,0,17:40:00,64.25
343,263.66,15,1020.6,1025.8,1,0,3,2016-10-30 17:40:00,122.421052632,19.0,10,0,0,1,0,0,0,0,0,0,0,0,0,0,0,1,0,0,0,1,0,0,0,1,0,0,0,0,0,0,0,1,0,0,0,0,0,1,0,0,0,0,0,0,1,0,0,0,0,0,1,0,0,1,0,30,17,0,17:40:00,101.25
344,271.57,15,1020.6,1025.8,1,1,3,2016-10-30 17:40:00,112.622683262,9.35458167331,10,0,0,1,0,0,0,0,0,0,0,0,0,0,0,1,0,0,0,1,0,0,0,1,0,0,0,0,0,0,0,1,0,0,0,0,0,1,0,0,0,0,0,0,1,0,0,0,0,0,1,0,0,1,0,30,17,0,17:40:00,87.75
345,94.37,18,1019.3,1024.4,1,0,1,2016-10-30 18:00:00,182.75,8.0,10,0,0,1,0,0,0,0,0,0,0,0,0,0,0,1,0,0,0,0,1,1,0,0,0,0,0,0,0,0,0,0,1,0,0,0,0,1,0,0,0,0,0,0,1,0,0,0,0,0,0,1,0,1,0,30,18,0,18:00:00,39.75
346,66.88,18,1019.3,1024.4,1,1,1,2016-10-30 18:00:00,112.622683262,9.35458167331,10,0,0,1,0,0,0,0,0,0,0,0,0,0,0,1,0,0,0,0,1,1,0,0,0,0,0,0,0,0,0,0,1,0,0,0,0,1,0,0,0,0,0,0,1,0,0,0,0,0,0,1,0,1,0,30,18,0,18:00:00,69.5
347,246.71,18,1019.3,1024.4,1,0,2,2016-10-30 18:00:00,48.8461538462,13.0,10,0,0,1,0,0,0,0,0,0,0,0,0,0,0,1,0,0,0,0,1,1,0,0,0,0,0,0,0,0,0,0,1,0,0,0,0,1,0,0,0,0,0,0,1,0,0,0,0,0,0,1,0,1,0,30,18,0,18:00:00,59.0
348,242.17,18,1019.3,1024.4,1,0,3,2016-10-30 18:00:00,146.272727273,22.0,10,0,0,1,0,0,0,0,0,0,0,0,0,0,0,1,0,0,0,0,1,1,0,0,0,0,0,0,0,0,0,0,1,0,0,0,0,1,0,0,0,0,0,0,1,0,0,0,0,0,0,1,0,1,0,30,18,0,18:00:00,88.0
349,277.02,18,1019.3,1024.4,1,1,3,2016-10-30 18:00:00,112.622683262,9.35458167331,10,0,0,1,0,0,0,0,0,0,0,0,0,0,0,1,0,0,0,0,1,1,0,0,0,0,0,0,0,0,0,0,1,0,0,0,0,1,0,0,0,0,0,0,1,0,0,0,0,0,0,1,0,1,0,30,18,0,18:00:00,77.75
350,96.65,18,1019.3,1024.4,1,0,1,2016-10-30 18:20:00,154.142857143,7.0,10,0,0,1,0,0,0,0,0,0,0,0,0,0,0,1,0,0,0,0,1,0,1,0,0,0,0,0,0,0,0,0,1,0,0,0,0,1,0,0,0,0,0,0,1,0,0,0,0,0,0,1,0,1,0,30,18,0,18:20:00,34.5
351,173.03,18,1019.3,1024.4,1,1,1,2016-10-30 18:20:00,112.622683262,9.35458167331,10,0,0,1,0,0,0,0,0,0,0,0,0,0,0,1,0,0,0,0,1,0,1,0,0,0,0,0,0,0,0,0,1,0,0,0,0,1,0,0,0,0,0,0,1,0,0,0,0,0,0,1,0,1,0,30,18,0,18:20:00,77.25
352,275.09,18,1019.3,1024.4,1,0,2,2016-10-30 18:20:00,64.0,10.0,10,0,0,1,0,0,0,0,0,0,0,0,0,0,0,1,0,0,0,0,1,0,1,0,0,0,0,0,0,0,0,0,1,0,0,0,0,1,0,0,0,0,0,0,1,0,0,0,0,0,0,1,0,1,0,30,18,0,18:20:00,53.25
353,223.27,18,1019.3,1024.4,1,0,3,2016-10-30 18:20:00,132.636363636,22.0,10,0,0,1,0,0,0,0,0,0,0,0,0,0,0,1,0,0,0,0,1,0,1,0,0,0,0,0,0,0,0,0,1,0,0,0,0,1,0,0,0,0,0,0,1,0,0,0,0,0,0,1,0,1,0,30,18,0,18:20:00,80.0
354,283.29,18,1019.3,1024.4,1,1,3,2016-10-30 18:20:00,112.622683262,9.35458167331,10,0,0,1,0,0,0,0,0,0,0,0,0,0,0,1,0,0,0,0,1,0,1,0,0,0,0,0,0,0,0,0,1,0,0,0,0,1,0,0,0,0,0,0,1,0,0,0,0,0,0,1,0,1,0,30,18,0,18:20:00,91.25
355,278.14,18,1019.3,1024.4,1,0,1,2016-10-30 18:40:00,166.142857143,7.0,10,0,0,1,0,0,0,0,0,0,0,0,0,0,0,1,0,0,0,0,1,0,0,1,0,0,0,0,0,0,0,0,1,0,0,0,0,1,0,0,0,0,0,0,1,0,0,0,0,0,0,1,0,1,0,30,18,0,18:40:00,28.5
356,89.47,18,1019.3,1024.4,1,1,1,2016-10-30 18:40:00,112.622683262,9.35458167331,10,0,0,1,0,0,0,0,0,0,0,0,0,0,0,1,0,0,0,0,1,0,0,1,0,0,0,0,0,0,0,0,1,0,0,0,0,1,0,0,0,0,0,0,1,0,0,0,0,0,0,1,0,1,0,30,18,0,18:40:00,55.75
357,54.87,18,1019.3,1024.4,1,0,2,2016-10-30 18:40:00,63.6428571429,14.0,10,0,0,1,0,0,0,0,0,0,0,0,0,0,0,1,0,0,0,0,1,0,0,1,0,0,0,0,0,0,0,0,1,0,0,0,0,1,0,0,0,0,0,0,1,0,0,0,0,0,0,1,0,1,0,30,18,0,18:40:00,44.25
358,90.68,18,1019.3,1024.4,1,0,3,2016-10-30 18:40:00,124.666666667,21.0,10,0,0,1,0,0,0,0,0,0,0,0,0,0,0,1,0,0,0,0,1,0,0,1,0,0,0,0,0,0,0,0,1,0,0,0,0,1,0,0,0,0,0,0,1,0,0,0,0,0,0,1,0,1,0,30,18,0,18:40:00,74.0
359,196.98,18,1019.3,1024.4,1,1,3,2016-10-30 18:40:00,112.622683262,9.35458167331,10,0,0,1,0,0,0,0,0,0,0,0,0,0,0,1,0,0,0,0,1,0,0,1,0,0,0,0,0,0,0,0,1,0,0,0,0,1,0,0,0,0,0,0,1,0,0,0,0,0,0,1,0,1,0,30,18,0,18:40:00,76.25
360,189.78,6,1020.4,1025.6,1,0,1,2016-10-31 08:00:00,100.0,1.0,10,0,1,0,1,0,0,0,0,0,0,0,0,0,0,0,1,1,0,0,0,1,0,0,1,0,0,0,0,0,0,0,0,0,0,0,0,0,1,0,0,0,0,0,1,0,0,0,0,0,0,1,0,1,0,31,8,1,08:00:00,48.2
361,131.0,6,1020.4,1025.6,1,1,1,2016-10-31 08:00:00,112.622683262,9.35458167331,10,0,1,0,1,0,0,0,0,0,0,0,0,0,0,0,1,1,0,0,0,1,0,0,1,0,0,0,0,0,0,0,0,0,0,0,0,0,1,0,0,0,0,0,1,0,0,0,0,0,0,1,0,1,0,31,8,1,08:00:00,125.6
362,173.27,6,1020.4,1025.6,1,0,2,2016-10-31 08:00:00,51.5714285714,7.0,10,0,1,0,1,0,0,0,0,0,0,0,0,0,0,0,1,1,0,0,0,1,0,0,1,0,0,0,0,0,0,0,0,0,0,0,0,0,1,0,0,0,0,0,1,0,0,0,0,0,0,1,0,1,0,31,8,1,08:00:00,125.4
363,47.66,6,1020.4,1025.6,1,0,3,2016-10-31 08:00:00,103.0,3.0,10,0,1,0,1,0,0,0,0,0,0,0,0,0,0,0,1,1,0,0,0,1,0,0,1,0,0,0,0,0,0,0,0,0,0,0,0,0,1,0,0,0,0,0,1,0,0,0,0,0,0,1,0,1,0,31,8,1,08:00:00,166.6
364,218.08,6,1020.4,1025.6,1,1,3,2016-10-31 08:00:00,112.622683262,9.35458167331,10,0,1,0,1,0,0,0,0,0,0,0,0,0,0,0,1,1,0,0,0,1,0,0,1,0,0,0,0,0,0,0,0,0,0,0,0,0,1,0,0,0,0,0,1,0,0,0,0,0,0,1,0,1,0,31,8,1,08:00:00,135.4
365,193.35,6,1020.4,1025.6,1,0,1,2016-10-31 08:20:00,184.0,1.0,10,0,1,0,1,0,0,0,0,0,0,0,0,0,0,0,1,1,0,0,0,0,1,0,1,0,0,0,0,0,0,0,0,0,0,0,0,0,1,0,0,0,0,0,1,0,0,0,0,0,0,1,0,1,0,31,8,1,08:20:00,49.0
366,209.34,6,1020.4,1025.6,1,1,1,2016-10-31 08:20:00,112.622683262,9.35458167331,10,0,1,0,1,0,0,0,0,0,0,0,0,0,0,0,1,1,0,0,0,0,1,0,1,0,0,0,0,0,0,0,0,0,0,0,0,0,1,0,0,0,0,0,1,0,0,0,0,0,0,1,0,1,0,31,8,1,08:20:00,123.0
367,109.6,6,1020.4,1025.6,1,0,2,2016-10-31 08:20:00,41.0,4.0,10,0,1,0,1,0,0,0,0,0,0,0,0,0,0,0,1,1,0,0,0,0,1,0,1,0,0,0,0,0,0,0,0,0,0,0,0,0,1,0,0,0,0,0,1,0,0,0,0,0,0,1,0,1,0,31,8,1,08:20:00,125.4
368,63.12,6,1020.4,1025.6,1,0,3,2016-10-31 08:20:00,77.3333333333,3.0,10,0,1,0,1,0,0,0,0,0,0,0,0,0,0,0,1,1,0,0,0,0,1,0,1,0,0,0,0,0,0,0,0,0,0,0,0,0,1,0,0,0,0,0,1,0,0,0,0,0,0,1,0,1,0,31,8,1,08:20:00,170.0
369,183.27,6,1020.4,1025.6,1,1,3,2016-10-31 08:20:00,112.622683262,9.35458167331,10,0,1,0,1,0,0,0,0,0,0,0,0,0,0,0,1,1,0,0,0,0,1,0,1,0,0,0,0,0,0,0,0,0,0,0,0,0,1,0,0,0,0,0,1,0,0,0,0,0,0,1,0,1,0,31,8,1,08:20:00,140.0
370,155.33,6,1020.4,1025.6,1,0,1,2016-10-31 08:40:00,139.666666667,3.0,10,0,1,0,1,0,0,0,0,0,0,0,0,0,0,0,1,1,0,0,0,0,0,1,1,0,0,0,0,0,0,0,0,0,0,0,0,0,1,0,0,0,0,0,1,0,0,0,0,0,0,1,0,1,0,31,8,1,08:40:00,49.8
371,248.67,6,1020.4,1025.6,1,1,1,2016-10-31 08:40:00,112.622683262,9.35458167331,10,0,1,0,1,0,0,0,0,0,0,0,0,0,0,0,1,1,0,0,0,0,0,1,1,0,0,0,0,0,0,0,0,0,0,0,0,0,1,0,0,0,0,0,1,0,0,0,0,0,0,1,0,1,0,31,8,1,08:40:00,122.2
372,73.24,6,1020.4,1025.6,1,0,2,2016-10-31 08:40:00,47.1666666667,6.0,10,0,1,0,1,0,0,0,0,0,0,0,0,0,0,0,1,1,0,0,0,0,0,1,1,0,0,0,0,0,0,0,0,0,0,0,0,0,1,0,0,0,0,0,1,0,0,0,0,0,0,1,0,1,0,31,8,1,08:40:00,110.6
373,248.12,6,1020.4,1025.6,1,0,3,2016-10-31 08:40:00,135.5,6.0,10,0,1,0,1,0,0,0,0,0,0,0,0,0,0,0,1,1,0,0,0,0,0,1,1,0,0,0,0,0,0,0,0,0,0,0,0,0,1,0,0,0,0,0,1,0,0,0,0,0,0,1,0,1,0,31,8,1,08:40:00,158.4
374,69.71,6,1020.4,1025.6,1,1,3,2016-10-31 08:40:00,112.622683262,9.35458167331,10,0,1,0,1,0,0,0,0,0,0,0,0,0,0,0,1,1,0,0,0,0,0,1,1,0,0,0,0,0,0,0,0,0,0,0,0,0,1,0,0,0,0,0,1,0,0,0,0,0,0,1,0,1,0,31,8,1,08:40:00,152.6
375,73.23,9,1022.1,1027.3,1,0,1,2016-10-31 09:00:00,96.0,3.0,10,0,1,0,1,0,0,0,0,0,0,0,0,0,0,0,1,0,1,0,0,1,0,0,0,0,0,0,0,0,0,0,0,0,1,0,0,0,1,0,0,0,0,0,1,0,0,0,0,0,0,1,0,1,0,31,9,1,09:00:00,48.8
376,212.18,9,1022.1,1027.3,1,1,1,2016-10-31 09:00:00,112.622683262,9.35458167331,10,0,1,0,1,0,0,0,0,0,0,0,0,0,0,0,1,0,1,0,0,1,0,0,0,0,0,0,0,0,0,0,0,0,1,0,0,0,1,0,0,0,0,0,1,0,0,0,0,0,0,1,0,1,0,31,9,1,09:00:00,132.0
377,266.21,9,1022.1,1027.3,1,0,2,2016-10-31 09:00:00,57.5833333333,12.0,10,0,1,0,1,0,0,0,0,0,0,0,0,0,0,0,1,0,1,0,0,1,0,0,0,0,0,0,0,0,0,0,0,0,1,0,0,0,1,0,0,0,0,0,1,0,0,0,0,0,0,1,0,1,0,31,9,1,09:00:00,112.6
378,256.36,9,1022.1,1027.3,1,0,3,2016-10-31 09:00:00,113.1,10.0,10,0,1,0,1,0,0,0,0,0,0,0,0,0,0,0,1,0,1,0,0,1,0,0,0,0,0,0,0,0,0,0,0,0,1,0,0,0,1,0,0,0,0,0,1,0,0,0,0,0,0,1,0,1,0,31,9,1,09:00:00,146.8
379,181.46,9,1022.1,1027.3,1,1,3,2016-10-31 09:00:00,112.622683262,9.35458167331,10,0,1,0,1,0,0,0,0,0,0,0,0,0,0,0,1,0,1,0,0,1,0,0,0,0,0,0,0,0,0,0,0,0,1,0,0,0,1,0,0,0,0,0,1,0,0,0,0,0,0,1,0,1,0,31,9,1,09:00:00,139.6
380,100.94,9,1022.1,1027.3,1,0,1,2016-10-31 09:20:00,100.0,2.0,10,0,1,0,1,0,0,0,0,0,0,0,0,0,0,0,1,0,1,0,0,0,1,0,0,0,0,0,0,0,0,0,0,0,1,0,0,0,1,0,0,0,0,0,1,0,0,0,0,0,0,1,0,1,0,31,9,1,09:20:00,49.4
381,90.18,9,1022.1,1027.3,1,1,1,2016-10-31 09:20:00,112.622683262,9.35458167331,10,0,1,0,1,0,0,0,0,0,0,0,0,0,0,0,1,0,1,0,0,0,1,0,0,0,0,0,0,0,0,0,0,0,1,0,0,0,1,0,0,0,0,0,1,0,0,0,0,0,0,1,0,1,0,31,9,1,09:20:00,128.0
382,11.08,9,1022.1,1027.3,1,0,2,2016-10-31 09:20:00,55.8,5.0,10,0,1,0,1,0,0,0,0,0,0,0,0,0,0,0,1,0,1,0,0,0,1,0,0,0,0,0,0,0,0,0,0,0,1,0,0,0,1,0,0,0,0,0,1,0,0,0,0,0,0,1,0,1,0,31,9,1,09:20:00,98.6
383,259.68,9,1022.1,1027.3,1,0,3,2016-10-31 09:20:00,101.1875,16.0,10,0,1,0,1,0,0,0,0,0,0,0,0,0,0,0,1,0,1,0,0,0,1,0,0,0,0,0,0,0,0,0,0,0,1,0,0,0,1,0,0,0,0,0,1,0,0,0,0,0,0,1,0,1,0,31,9,1,09:20:00,151.0
384,185.46,9,1022.1,1027.3,1,1,3,2016-10-31 09:20:00,112.622683262,9.35458167331,10,0,1,0,1,0,0,0,0,0,0,0,0,0,0,0,1,0,1,0,0,0,1,0,0,0,0,0,0,0,0,0,0,0,1,0,0,0,1,0,0,0,0,0,1,0,0,0,0,0,0,1,0,1,0,31,9,1,09:20:00,119.4
385,42.14,9,1022.1,1027.3,1,0,1,2016-10-31 09:40:00,259.0,1.0,10,0,1,0,1,0,0,0,0,0,0,0,0,0,0,0,1,0,1,0,0,0,0,1,0,0,0,0,0,0,0,0,0,0,1,0,0,0,1,0,0,0,0,0,1,0,0,0,0,0,0,1,0,1,0,31,9,1,09:40:00,49.4
386,24.11,9,1022.1,1027.3,1,1,1,2016-10-31 09:40:00,112.622683262,9.35458167331,10,0,1,0,1,0,0,0,0,0,0,0,0,0,0,0,1,0,1,0,0,0,0,1,0,0,0,0,0,0,0,0,0,0,1,0,0,0,1,0,0,0,0,0,1,0,0,0,0,0,0,1,0,1,0,31,9,1,09:40:00,109.8
387,36.23,9,1022.1,1027.3,1,0,2,2016-10-31 09:40:00,62.75,8.0,10,0,1,0,1,0,0,0,0,0,0,0,0,0,0,0,1,0,1,0,0,0,0,1,0,0,0,0,0,0,0,0,0,0,1,0,0,0,1,0,0,0,0,0,1,0,0,0,0,0,0,1,0,1,0,31,9,1,09:40:00,80.0
388,283.05,9,1022.1,1027.3,1,0,3,2016-10-31 09:40:00,122.714285714,7.0,10,0,1,0,1,0,0,0,0,0,0,0,0,0,0,0,1,0,1,0,0,0,0,1,0,0,0,0,0,0,0,0,0,0,1,0,0,0,1,0,0,0,0,0,1,0,0,0,0,0,0,1,0,1,0,31,9,1,09:40:00,121.2
389,27.95,9,1022.1,1027.3,1,1,3,2016-10-31 09:40:00,112.622683262,9.35458167331,10,0,1,0,1,0,0,0,0,0,0,0,0,0,0,0,1,0,1,0,0,0,0,1,0,0,0,0,0,0,0,0,0,0,1,0,0,0,1,0,0,0,0,0,1,0,0,0,0,0,0,1,0,1,0,31,9,1,09:40:00,106.0
390,242.68,15,1025.0,1030.2,1,0,1,2016-10-31 17:00:00,141.571428571,7.0,10,0,1,0,1,0,0,0,0,0,0,0,0,0,0,0,1,0,0,1,0,1,0,0,1,0,0,0,0,0,0,0,0,0,0,0,0,0,0,0,1,0,0,0,1,0,0,0,0,0,0,1,0,1,0,31,17,1,17:00:00,39.8
391,230.73,15,1025.0,1030.2,1,1,1,2016-10-31 17:00:00,112.622683262,9.35458167331,10,0,1,0,1,0,0,0,0,0,0,0,0,0,0,0,1,0,0,1,0,1,0,0,1,0,0,0,0,0,0,0,0,0,0,0,0,0,0,0,1,0,0,0,1,0,0,0,0,0,0,1,0,1,0,31,17,1,17:00:00,106.2
392,229.32,15,1025.0,1030.2,1,0,2,2016-10-31 17:00:00,52.4666666667,15.0,10,0,1,0,1,0,0,0,0,0,0,0,0,0,0,0,1,0,0,1,0,1,0,0,1,0,0,0,0,0,0,0,0,0,0,0,0,0,0,0,1,0,0,0,1,0,0,0,0,0,0,1,0,1,0,31,17,1,17:00:00,80.2
393,193.18,15,1025.0,1030.2,1,0,3,2016-10-31 17:00:00,97.25,20.0,10,0,1,0,1,0,0,0,0,0,0,0,0,0,0,0,1,0,0,1,0,1,0,0,1,0,0,0,0,0,0,0,0,0,0,0,0,0,0,0,1,0,0,0,1,0,0,0,0,0,0,1,0,1,0,31,17,1,17:00:00,122.6
394,101.26,15,1025.0,1030.2,1,1,3,2016-10-31 17:00:00,112.622683262,9.35458167331,10,0,1,0,1,0,0,0,0,0,0,0,0,0,0,0,1,0,0,1,0,1,0,0,1,0,0,0,0,0,0,0,0,0,0,0,0,0,0,0,1,0,0,0,1,0,0,0,0,0,0,1,0,1,0,31,17,1,17:00:00,82.0
395,96.12,15,1025.0,1030.2,1,0,1,2016-10-31 17:20:00,106.0,3.0,10,0,1,0,1,0,0,0,0,0,0,0,0,0,0,0,1,0,0,1,0,0,1,0,1,0,0,0,0,0,0,0,0,0,0,0,0,0,0,0,1,0,0,0,1,0,0,0,0,0,0,1,0,1,0,31,17,1,17:20:00,34.2
396,280.22,15,1025.0,1030.2,1,1,1,2016-10-31 17:20:00,112.622683262,9.35458167331,10,0,1,0,1,0,0,0,0,0,0,0,0,0,0,0,1,0,0,1,0,0,1,0,1,0,0,0,0,0,0,0,0,0,0,0,0,0,0,0,1,0,0,0,1,0,0,0,0,0,0,1,0,1,0,31,17,1,17:20:00,118.0
397,14.88,15,1025.0,1030.2,1,0,2,2016-10-31 17:20:00,65.3076923077,13.0,10,0,1,0,1,0,0,0,0,0,0,0,0,0,0,0,1,0,0,1,0,0,1,0,1,0,0,0,0,0,0,0,0,0,0,0,0,0,0,0,1,0,0,0,1,0,0,0,0,0,0,1,0,1,0,31,17,1,17:20:00,69.4
398,24.46,15,1025.0,1030.2,1,0,3,2016-10-31 17:20:00,97.0,7.0,10,0,1,0,1,0,0,0,0,0,0,0,0,0,0,0,1,0,0,1,0,0,1,0,1,0,0,0,0,0,0,0,0,0,0,0,0,0,0,0,1,0,0,0,1,0,0,0,0,0,0,1,0,1,0,31,17,1,17:20:00,116.8
399,171.76,15,1025.0,1030.2,1,1,3,2016-10-31 17:20:00,112.622683262,9.35458167331,10,0,1,0,1,0,0,0,0,0,0,0,0,0,0,0,1,0,0,1,0,0,1,0,1,0,0,0,0,0,0,0,0,0,0,0,0,0,0,0,1,0,0,0,1,0,0,0,0,0,0,1,0,1,0,31,17,1,17:20:00,89.6
400,250.52,15,1025.0,1030.2,1,0,1,2016-10-31 17:40:00,143.833333333,6.0,10,0,1,0,1,0,0,0,0,0,0,0,0,0,0,0,1,0,0,1,0,0,0,1,1,0,0,0,0,0,0,0,0,0,0,0,0,0,0,0,1,0,0,0,1,0,0,0,0,0,0,1,0,1,0,31,17,1,17:40:00,24.8
401,42.81,15,1025.0,1030.2,1,1,1,2016-10-31 17:40:00,112.622683262,9.35458167331,10,0,1,0,1,0,0,0,0,0,0,0,0,0,0,0,1,0,0,1,0,0,0,1,1,0,0,0,0,0,0,0,0,0,0,0,0,0,0,0,1,0,0,0,1,0,0,0,0,0,0,1,0,1,0,31,17,1,17:40:00,117.6
402,100.91,15,1025.0,1030.2,1,0,2,2016-10-31 17:40:00,48.8571428571,7.0,10,0,1,0,1,0,0,0,0,0,0,0,0,0,0,0,1,0,0,1,0,0,0,1,1,0,0,0,0,0,0,0,0,0,0,0,0,0,0,0,1,0,0,0,1,0,0,0,0,0,0,1,0,1,0,31,17,1,17:40:00,58.0
403,40.99,15,1025.0,1030.2,1,0,3,2016-10-31 17:40:00,111.384615385,13.0,10,0,1,0,1,0,0,0,0,0,0,0,0,0,0,0,1,0,0,1,0,0,0,1,1,0,0,0,0,0,0,0,0,0,0,0,0,0,0,0,1,0,0,0,1,0,0,0,0,0,0,1,0,1,0,31,17,1,17:40:00,101.4
404,117.09,15,1025.0,1030.2,1,1,3,2016-10-31 17:40:00,112.622683262,9.35458167331,10,0,1,0,1,0,0,0,0,0,0,0,0,0,0,0,1,0,0,1,0,0,0,1,1,0,0,0,0,0,0,0,0,0,0,0,0,0,0,0,1,0,0,0,1,0,0,0,0,0,0,1,0,1,0,31,17,1,17:40:00,90.8
405,229.59,18,1024.7,1029.9,1,0,1,2016-10-31 18:00:00,112.622683262,9.35458167331,10,0,1,0,1,0,0,0,0,0,0,0,0,0,0,0,1,0,0,0,1,1,0,0,0,0,0,0,0,0,0,0,0,0,0,1,0,0,0,0,1,0,0,0,1,0,0,0,0,0,0,1,0,1,0,31,18,1,18:00:00,23.8
406,36.02,18,1024.7,1029.9,1,1,1,2016-10-31 18:00:00,112.622683262,9.35458167331,10,0,1,0,1,0,0,0,0,0,0,0,0,0,0,0,1,0,0,0,1,1,0,0,0,0,0,0,0,0,0,0,0,0,0,1,0,0,0,0,1,0,0,0,1,0,0,0,0,0,0,1,0,1,0,31,18,1,18:00:00,63.0
407,288.14,18,1024.7,1029.9,1,0,2,2016-10-31 18:00:00,64.3333333333,12.0,10,0,1,0,1,0,0,0,0,0,0,0,0,0,0,0,1,0,0,0,1,1,0,0,0,0,0,0,0,0,0,0,0,0,0,1,0,0,0,0,1,0,0,0,1,0,0,0,0,0,0,1,0,1,0,31,18,1,18:00:00,57.2
408,241.31,18,1024.7,1029.9,1,0,3,2016-10-31 18:00:00,122.5,12.0,10,0,1,0,1,0,0,0,0,0,0,0,0,0,0,0,1,0,0,0,1,1,0,0,0,0,0,0,0,0,0,0,0,0,0,1,0,0,0,0,1,0,0,0,1,0,0,0,0,0,0,1,0,1,0,31,18,1,18:00:00,85.0
409,29.26,18,1024.7,1029.9,1,1,3,2016-10-31 18:00:00,112.622683262,9.35458167331,10,0,1,0,1,0,0,0,0,0,0,0,0,0,0,0,1,0,0,0,1,1,0,0,0,0,0,0,0,0,0,0,0,0,0,1,0,0,0,0,1,0,0,0,1,0,0,0,0,0,0,1,0,1,0,31,18,1,18:00:00,79.4
410,41.77,18,1024.7,1029.9,1,0,1,2016-10-31 18:20:00,173.8,5.0,10,0,1,0,1,0,0,0,0,0,0,0,0,0,0,0,1,0,0,0,1,0,1,0,0,0,0,0,0,0,0,0,0,0,0,1,0,0,0,0,1,0,0,0,1,0,0,0,0,0,0,1,0,1,0,31,18,1,18:20:00,23.8
411,101.54,18,1024.7,1029.9,1,1,1,2016-10-31 18:20:00,112.622683262,9.35458167331,10,0,1,0,1,0,0,0,0,0,0,0,0,0,0,0,1,0,0,0,1,0,1,0,0,0,0,0,0,0,0,0,0,0,0,1,0,0,0,0,1,0,0,0,1,0,0,0,0,0,0,1,0,1,0,31,18,1,18:20:00,85.6
412,57.52,18,1024.7,1029.9,1,0,2,2016-10-31 18:20:00,72.6,10.0,10,0,1,0,1,0,0,0,0,0,0,0,0,0,0,0,1,0,0,0,1,0,1,0,0,0,0,0,0,0,0,0,0,0,0,1,0,0,0,0,1,0,0,0,1,0,0,0,0,0,0,1,0,1,0,31,18,1,18:20:00,50.6
413,10.9,18,1024.7,1029.9,1,0,3,2016-10-31 18:20:00,125.416666667,12.0,10,0,1,0,1,0,0,0,0,0,0,0,0,0,0,0,1,0,0,0,1,0,1,0,0,0,0,0,0,0,0,0,0,0,0,1,0,0,0,0,1,0,0,0,1,0,0,0,0,0,0,1,0,1,0,31,18,1,18:20:00,75.6
414,24.92,18,1024.7,1029.9,1,1,3,2016-10-31 18:20:00,112.622683262,9.35458167331,10,0,1,0,1,0,0,0,0,0,0,0,0,0,0,0,1,0,0,0,1,0,1,0,0,0,0,0,0,0,0,0,0,0,0,1,0,0,0,0,1,0,0,0,1,0,0,0,0,0,0,1,0,1,0,31,18,1,18:20:00,75.4
415,180.91,18,1024.7,1029.9,1,0,1,2016-10-31 18:40:00,183.0,1.0,10,0,1,0,1,0,0,0,0,0,0,0,0,0,0,0,1,0,0,0,1,0,0,1,0,0,0,0,0,0,0,0,0,0,0,1,0,0,0,0,1,0,0,0,1,0,0,0,0,0,0,1,0,1,0,31,18,1,18:40:00,19.4
416,257.24,18,1024.7,1029.9,1,1,1,2016-10-31 18:40:00,112.622683262,9.35458167331,10,0,1,0,1,0,0,0,0,0,0,0,0,0,0,0,1,0,0,0,1,0,0,1,0,0,0,0,0,0,0,0,0,0,0,1,0,0,0,0,1,0,0,0,1,0,0,0,0,0,0,1,0,1,0,31,18,1,18:40:00,61.6
417,82.7,18,1024.7,1029.9,1,0,2,2016-10-31 18:40:00,49.5555555556,9.0,10,0,1,0,1,0,0,0,0,0,0,0,0,0,0,0,1,0,0,0,1,0,0,1,0,0,0,0,0,0,0,0,0,0,0,1,0,0,0,0,1,0,0,0,1,0,0,0,0,0,0,1,0,1,0,31,18,1,18:40:00,45.6
418,177.65,18,1024.7,1029.9,1,0,3,2016-10-31 18:40:00,121.75,12.0,10,0,1,0,1,0,0,0,0,0,0,0,0,0,0,0,1,0,0,0,1,0,0,1,0,0,0,0,0,0,0,0,0,0,0,1,0,0,0,0,1,0,0,0,1,0,0,0,0,0,0,1,0,1,0,31,18,1,18:40:00,60.2
419,266.83,18,1024.7,1029.9,1,1,3,2016-10-31 18:40:00,112.622683262,9.35458167331,10,0,1,0,1,0,0,0,0,0,0,0,0,0,0,0,1,0,0,0,1,0,0,1,0,0,0,0,0,0,0,0,0,0,0,1,0,0,0,0,1,0,0,0,1,0,0,0,0,0,0,1,0,1,0,31,18,1,18:40:00,74.6
