,volume,year,month,rounded_hour,minute,hour_y,pressure,sea_pressure,count,direction,tollgate_id,window_time,window_time_formatted,is_festival,is_working_day,weekday_0,weekday_1,weekday_2,weekday_3,weekday_4,weekday_5,weekday_6,day_18,day_19,day_20,day_21,day_22,day_23,day_24,hour_8,hour_9,hour_17,hour_18,rounded_min_0,rounded_min_20,rounded_min_40,wind_direction_-0.0,wind_direction_30.0,wind_direction_60.0,wind_direction_75.0,wind_direction_90.0,wind_direction_105.0,wind_direction_120.0,wind_direction_165.0,wind_direction_195.0,wind_direction_210.0,wind_direction_225.0,wind_direction_315.0,wind_direction_330.0,wind_direction_345.0,wind_speed_0.0,wind_speed_1.0,wind_speed_2.0,wind_speed_3.0,wind_speed_4.0,wind_speed_6.0,temperature_18.0,temperature_20.0,temperature_22.0,temperature_24.0,rel_humidity_60.0,rel_humidity_70.0,rel_humidity_80.0,rel_humidity_90.0,precipitation_0.0,precipitation_1.0,precipitation_3.0,day,hour,vehicle_id,travel_time,count_traj
0,50.61,2016,10,15,0,15,1013.7,1018.7,1,0,1,2016-10-18-17-0,2016-10-18 17:00:00,0,1,0,0,1,0,0,0,0,1,0,0,0,0,0,0,0,0,1,0,1,0,0,0,0,0,0,1,0,0,0,0,0,0,0,0,0,0,1,0,0,0,0,0,1,0,0,0,0,0,1,1,0,0,18,17,1041223.0,155.333333333,6.0
1,27.34,2016,10,15,0,15,1013.7,1018.7,1,0,2,2016-10-18-17-0,2016-10-18 17:00:00,0,1,0,0,1,0,0,0,0,1,0,0,0,0,0,0,0,0,1,0,1,0,0,0,0,0,0,1,0,0,0,0,0,0,0,0,0,0,1,0,0,0,0,0,1,0,0,0,0,0,1,1,0,0,18,17,1024795.0,102.642857143,14.0
2,166.39,2016,10,15,0,15,1013.7,1018.7,1,0,3,2016-10-18-17-0,2016-10-18 17:00:00,0,1,0,0,1,0,0,0,0,1,0,0,0,0,0,0,0,0,1,0,1,0,0,0,0,0,0,1,0,0,0,0,0,0,0,0,0,0,1,0,0,0,0,0,1,0,0,0,0,0,1,1,0,0,18,17,1021601.0,136.0,15.0
3,34.43,2016,10,15,20,15,1013.7,1018.7,1,0,1,2016-10-18-17-20,2016-10-18 17:20:00,0,1,0,0,1,0,0,0,0,1,0,0,0,0,0,0,0,0,1,0,0,1,0,0,0,0,0,1,0,0,0,0,0,0,0,0,0,0,1,0,0,0,0,0,1,0,0,0,0,0,1,1,0,0,18,17,1021790.0,165.25,4.0
4,40.79,2016,10,15,20,15,1013.7,1018.7,1,0,2,2016-10-18-17-20,2016-10-18 17:20:00,0,1,0,0,1,0,0,0,0,1,0,0,0,0,0,0,0,0,1,0,0,1,0,0,0,0,0,1,0,0,0,0,0,0,0,0,0,0,1,0,0,0,0,0,1,0,0,0,0,0,1,1,0,0,18,17,1024374.0,86.1578947368,19.0
5,265.94,2016,10,15,20,15,1013.7,1018.7,1,0,3,2016-10-18-17-20,2016-10-18 17:20:00,0,1,0,0,1,0,0,0,0,1,0,0,0,0,0,0,0,0,1,0,0,1,0,0,0,0,0,1,0,0,0,0,0,0,0,0,0,0,1,0,0,0,0,0,1,0,0,0,0,0,1,1,0,0,18,17,1025488.0,115.625,16.0
6,209.33,2016,10,15,40,15,1013.7,1018.7,1,0,1,2016-10-18-17-40,2016-10-18 17:40:00,0,1,0,0,1,0,0,0,0,1,0,0,0,0,0,0,0,0,1,0,0,0,1,0,0,0,0,1,0,0,0,0,0,0,0,0,0,0,1,0,0,0,0,0,1,0,0,0,0,0,1,1,0,0,18,17,1023561.0,148.8,5.0
7,281.57,2016,10,15,40,15,1013.7,1018.7,1,0,2,2016-10-18-17-40,2016-10-18 17:40:00,0,1,0,0,1,0,0,0,0,1,0,0,0,0,0,0,0,0,1,0,0,0,1,0,0,0,0,1,0,0,0,0,0,0,0,0,0,0,1,0,0,0,0,0,1,0,0,0,0,0,1,1,0,0,18,17,1037069.0,74.5,8.0
8,299.93,2016,10,15,40,15,1013.7,1018.7,1,0,3,2016-10-18-17-40,2016-10-18 17:40:00,0,1,0,0,1,0,0,0,0,1,0,0,0,0,0,0,0,0,1,0,0,0,1,0,0,0,0,1,0,0,0,0,0,0,0,0,0,0,1,0,0,0,0,0,1,0,0,0,0,0,1,1,0,0,18,17,1028728.0,146.583333333,12.0
9,92.99,2016,10,18,0,18,1012.1,1017.1,1,0,1,2016-10-18-18-0,2016-10-18 18:00:00,0,1,0,0,1,0,0,0,0,1,0,0,0,0,0,0,0,0,0,1,1,0,0,0,0,0,0,0,0,1,0,0,0,0,0,0,0,0,0,1,0,0,0,0,1,0,0,0,0,0,1,0,1,0,18,18,1035598.0,129.666666667,6.0
10,102.35,2016,10,18,0,18,1012.1,1017.1,1,0,2,2016-10-18-18-0,2016-10-18 18:00:00,0,1,0,0,1,0,0,0,0,1,0,0,0,0,0,0,0,0,0,1,1,0,0,0,0,0,0,0,0,1,0,0,0,0,0,0,0,0,0,1,0,0,0,0,1,0,0,0,0,0,1,0,1,0,18,18,1018901.0,64.6923076923,13.0
11,165.2,2016,10,18,0,18,1012.1,1017.1,1,0,3,2016-10-18-18-0,2016-10-18 18:00:00,0,1,0,0,1,0,0,0,0,1,0,0,0,0,0,0,0,0,0,1,1,0,0,0,0,0,0,0,0,1,0,0,0,0,0,0,0,0,0,1,0,0,0,0,1,0,0,0,0,0,1,0,1,0,18,18,1019541.0,126.571428571,14.0
12,291.09,2016,10,18,20,18,1012.1,1017.1,1,0,1,2016-10-18-18-20,2016-10-18 18:20:00,0,1,0,0,1,0,0,0,0,1,0,0,0,0,0,0,0,0,0,1,0,1,0,0,0,0,0,0,0,1,0,0,0,0,0,0,0,0,0,1,0,0,0,0,1,0,0,0,0,0,1,0,1,0,18,18,1017017.0,165.0,4.0
13,290.82,2016,10,18,20,18,1012.1,1017.1,1,0,2,2016-10-18-18-20,2016-10-18 18:20:00,0,1,0,0,1,0,0,0,0,1,0,0,0,0,0,0,0,0,0,1,0,1,0,0,0,0,0,0,0,1,0,0,0,0,0,0,0,0,0,1,0,0,0,0,1,0,0,0,0,0,1,0,1,0,18,18,1014413.0,71.1,10.0
14,73.6,2016,10,18,20,18,1012.1,1017.1,1,0,3,2016-10-18-18-20,2016-10-18 18:20:00,0,1,0,0,1,0,0,0,0,1,0,0,0,0,0,0,0,0,0,1,0,1,0,0,0,0,0,0,0,1,0,0,0,0,0,0,0,0,0,1,0,0,0,0,1,0,0,0,0,0,1,0,1,0,18,18,1017582.0,102.411764706,17.0
15,195.3,2016,10,18,40,18,1012.1,1017.1,1,0,1,2016-10-18-18-40,2016-10-18 18:40:00,0,1,0,0,1,0,0,0,0,1,0,0,0,0,0,0,0,0,0,1,0,0,1,0,0,0,0,0,0,1,0,0,0,0,0,0,0,0,0,1,0,0,0,0,1,0,0,0,0,0,1,0,1,0,18,18,1024861.0,201.25,4.0
16,244.95,2016,10,18,40,18,1012.1,1017.1,1,0,2,2016-10-18-18-40,2016-10-18 18:40:00,0,1,0,0,1,0,0,0,0,1,0,0,0,0,0,0,0,0,0,1,0,0,1,0,0,0,0,0,0,1,0,0,0,0,0,0,0,0,0,1,0,0,0,0,1,0,0,0,0,0,1,0,1,0,18,18,1027983.0,98.7272727273,11.0
17,159.55,2016,10,18,40,18,1012.1,1017.1,1,0,3,2016-10-18-18-40,2016-10-18 18:40:00,0,1,0,0,1,0,0,0,0,1,0,0,0,0,0,0,0,0,0,1,0,0,1,0,0,0,0,0,0,1,0,0,0,0,0,0,0,0,0,1,0,0,0,0,1,0,0,0,0,0,1,0,1,0,18,18,1021577.0,126.0,15.0
18,57.06,2016,10,6,0,6,1012.5,1017.5,1,0,1,2016-10-18-8-0,2016-10-18 08:00:00,0,1,0,0,1,0,0,0,0,1,0,0,0,0,0,0,1,0,0,0,1,0,0,0,0,0,0,0,0,1,0,0,0,0,0,0,0,0,1,0,0,0,0,0,0,1,0,0,1,0,0,1,0,0,18,8,1027247.0,115.666666667,3.0
19,54.82,2016,10,6,0,6,1012.5,1017.5,1,0,2,2016-10-18-8-0,2016-10-18 08:00:00,0,1,0,0,1,0,0,0,0,1,0,0,0,0,0,0,1,0,0,0,1,0,0,0,0,0,0,0,0,1,0,0,0,0,0,0,0,0,1,0,0,0,0,0,0,1,0,0,1,0,0,1,0,0,18,8,1019095.0,41.0,6.0
20,292.2,2016,10,6,0,6,1012.5,1017.5,1,0,3,2016-10-18-8-0,2016-10-18 08:00:00,0,1,0,0,1,0,0,0,0,1,0,0,0,0,0,0,1,0,0,0,1,0,0,0,0,0,0,0,0,1,0,0,0,0,0,0,0,0,1,0,0,0,0,0,0,1,0,0,1,0,0,1,0,0,18,8,1026275.0,80.0,5.0
21,67.83,2016,10,6,20,6,1012.5,1017.5,1,0,1,2016-10-18-8-20,2016-10-18 08:20:00,0,1,0,0,1,0,0,0,0,1,0,0,0,0,0,0,1,0,0,0,0,1,0,0,0,0,0,0,0,1,0,0,0,0,0,0,0,0,1,0,0,0,0,0,0,1,0,0,1,0,0,1,0,0,18,8,1015185.0,106.666666667,3.0
22,270.67,2016,10,6,20,6,1012.5,1017.5,1,0,2,2016-10-18-8-20,2016-10-18 08:20:00,0,1,0,0,1,0,0,0,0,1,0,0,0,0,0,0,1,0,0,0,0,1,0,0,0,0,0,0,0,1,0,0,0,0,0,0,0,0,1,0,0,0,0,0,0,1,0,0,1,0,0,1,0,0,18,8,1011533.0,39.0,6.0
23,44.67,2016,10,6,20,6,1012.5,1017.5,1,0,3,2016-10-18-8-20,2016-10-18 08:20:00,0,1,0,0,1,0,0,0,0,1,0,0,0,0,0,0,1,0,0,0,0,1,0,0,0,0,0,0,0,1,0,0,0,0,0,0,0,0,1,0,0,0,0,0,0,1,0,0,1,0,0,1,0,0,18,8,1012645.0,138.5,4.0
24,264.78,2016,10,6,40,6,1012.5,1017.5,1,0,1,2016-10-18-8-40,2016-10-18 08:40:00,0,1,0,0,1,0,0,0,0,1,0,0,0,0,0,0,1,0,0,0,0,0,1,0,0,0,0,0,0,1,0,0,0,0,0,0,0,0,1,0,0,0,0,0,0,1,0,0,1,0,0,1,0,0,18,8,1019365.0,118.833333333,6.0
25,241.46,2016,10,6,40,6,1012.5,1017.5,1,0,2,2016-10-18-8-40,2016-10-18 08:40:00,0,1,0,0,1,0,0,0,0,1,0,0,0,0,0,0,1,0,0,0,0,0,1,0,0,0,0,0,0,1,0,0,0,0,0,0,0,0,1,0,0,0,0,0,0,1,0,0,1,0,0,1,0,0,18,8,1017805.0,67.125,8.0
26,240.77,2016,10,6,40,6,1012.5,1017.5,1,0,3,2016-10-18-8-40,2016-10-18 08:40:00,0,1,0,0,1,0,0,0,0,1,0,0,0,0,0,0,1,0,0,0,0,0,1,0,0,0,0,0,0,1,0,0,0,0,0,0,0,0,1,0,0,0,0,0,0,1,0,0,1,0,0,1,0,0,18,8,1029576.0,188.875,8.0
27,156.14,2016,10,9,0,9,1013.0,1018.0,1,0,1,2016-10-18-9-0,2016-10-18 09:00:00,0,1,0,0,1,0,0,0,0,1,0,0,0,0,0,0,0,1,0,0,1,0,0,0,0,0,0,0,0,0,0,1,0,0,0,0,0,1,0,0,0,0,0,0,1,0,0,0,0,0,1,0,1,0,18,9,1017807.0,132.166666667,6.0
28,24.39,2016,10,9,0,9,1013.0,1018.0,1,0,2,2016-10-18-9-0,2016-10-18 09:00:00,0,1,0,0,1,0,0,0,0,1,0,0,0,0,0,0,0,1,0,0,1,0,0,0,0,0,0,0,0,0,0,1,0,0,0,0,0,1,0,0,0,0,0,0,1,0,0,0,0,0,1,0,1,0,18,9,1014194.0,48.6,5.0
29,198.88,2016,10,9,0,9,1013.0,1018.0,1,0,3,2016-10-18-9-0,2016-10-18 09:00:00,0,1,0,0,1,0,0,0,0,1,0,0,0,0,0,0,0,1,0,0,1,0,0,0,0,0,0,0,0,0,0,1,0,0,0,0,0,1,0,0,0,0,0,0,1,0,0,0,0,0,1,0,1,0,18,9,1019873.0,159.333333333,9.0
30,155.41,2016,10,9,20,9,1013.0,1018.0,1,0,1,2016-10-18-9-20,2016-10-18 09:20:00,0,1,0,0,1,0,0,0,0,1,0,0,0,0,0,0,0,1,0,0,0,1,0,0,0,0,0,0,0,0,0,1,0,0,0,0,0,1,0,0,0,0,0,0,1,0,0,0,0,0,1,0,1,0,18,9,1019090.0,136.0,1.0
31,290.95,2016,10,9,20,9,1013.0,1018.0,1,0,2,2016-10-18-9-20,2016-10-18 09:20:00,0,1,0,0,1,0,0,0,0,1,0,0,0,0,0,0,0,1,0,0,0,1,0,0,0,0,0,0,0,0,0,1,0,0,0,0,0,1,0,0,0,0,0,0,1,0,0,0,0,0,1,0,1,0,18,9,1017258.0,59.1111111111,9.0
32,131.36,2016,10,9,20,9,1013.0,1018.0,1,0,3,2016-10-18-9-20,2016-10-18 09:20:00,0,1,0,0,1,0,0,0,0,1,0,0,0,0,0,0,0,1,0,0,0,1,0,0,0,0,0,0,0,0,0,1,0,0,0,0,0,1,0,0,0,0,0,0,1,0,0,0,0,0,1,0,1,0,18,9,1016814.0,101.214285714,14.0
33,80.46,2016,10,9,40,9,1013.0,1018.0,1,0,1,2016-10-18-9-40,2016-10-18 09:40:00,0,1,0,0,1,0,0,0,0,1,0,0,0,0,0,0,0,1,0,0,0,0,1,0,0,0,0,0,0,0,0,1,0,0,0,0,0,1,0,0,0,0,0,0,1,0,0,0,0,0,1,0,1,0,18,9,1017991.0,189.666666667,6.0
34,180.72,2016,10,9,40,9,1013.0,1018.0,1,0,2,2016-10-18-9-40,2016-10-18 09:40:00,0,1,0,0,1,0,0,0,0,1,0,0,0,0,0,0,0,1,0,0,0,0,1,0,0,0,0,0,0,0,0,1,0,0,0,0,0,1,0,0,0,0,0,0,1,0,0,0,0,0,1,0,1,0,18,9,1013157.0,60.375,8.0
35,111.03,2016,10,9,40,9,1013.0,1018.0,1,0,3,2016-10-18-9-40,2016-10-18 09:40:00,0,1,0,0,1,0,0,0,0,1,0,0,0,0,0,0,0,1,0,0,0,0,1,0,0,0,0,0,0,0,0,1,0,0,0,0,0,1,0,0,0,0,0,0,1,0,0,0,0,0,1,0,1,0,18,9,1020314.0,165.5,16.0
36,201.82,2016,10,15,0,15,1011.6,1016.6,1,0,1,2016-10-19-17-0,2016-10-19 17:00:00,0,1,0,0,0,1,0,0,0,0,1,0,0,0,0,0,0,0,1,0,1,0,0,0,0,1,0,0,0,0,0,0,0,0,0,0,0,0,1,0,0,0,0,0,1,0,0,0,0,0,1,0,1,0,19,17,1016795.0,214.5,2.0
37,149.5,2016,10,15,0,15,1011.6,1016.6,1,0,2,2016-10-19-17-0,2016-10-19 17:00:00,0,1,0,0,0,1,0,0,0,0,1,0,0,0,0,0,0,0,1,0,1,0,0,0,0,1,0,0,0,0,0,0,0,0,0,0,0,0,1,0,0,0,0,0,1,0,0,0,0,0,1,0,1,0,19,17,1028155.0,60.8461538462,13.0
38,123.29,2016,10,15,0,15,1011.6,1016.6,1,0,3,2016-10-19-17-0,2016-10-19 17:00:00,0,1,0,0,0,1,0,0,0,0,1,0,0,0,0,0,0,0,1,0,1,0,0,0,0,1,0,0,0,0,0,0,0,0,0,0,0,0,1,0,0,0,0,0,1,0,0,0,0,0,1,0,1,0,19,17,1027251.0,114.083333333,12.0
39,295.94,2016,10,15,20,15,1011.6,1016.6,1,0,1,2016-10-19-17-20,2016-10-19 17:20:00,0,1,0,0,0,1,0,0,0,0,1,0,0,0,0,0,0,0,1,0,0,1,0,0,0,1,0,0,0,0,0,0,0,0,0,0,0,0,1,0,0,0,0,0,1,0,0,0,0,0,1,0,1,0,19,17,1035664.0,160.5,4.0
40,241.33,2016,10,15,20,15,1011.6,1016.6,1,0,2,2016-10-19-17-20,2016-10-19 17:20:00,0,1,0,0,0,1,0,0,0,0,1,0,0,0,0,0,0,0,1,0,0,1,0,0,0,1,0,0,0,0,0,0,0,0,0,0,0,0,1,0,0,0,0,0,1,0,0,0,0,0,1,0,1,0,19,17,1031689.0,65.9,10.0
41,212.52,2016,10,15,20,15,1011.6,1016.6,1,0,3,2016-10-19-17-20,2016-10-19 17:20:00,0,1,0,0,0,1,0,0,0,0,1,0,0,0,0,0,0,0,1,0,0,1,0,0,0,1,0,0,0,0,0,0,0,0,0,0,0,0,1,0,0,0,0,0,1,0,0,0,0,0,1,0,1,0,19,17,1024504.0,121.555555556,18.0
42,120.68,2016,10,15,40,15,1011.6,1016.6,1,0,1,2016-10-19-17-40,2016-10-19 17:40:00,0,1,0,0,0,1,0,0,0,0,1,0,0,0,0,0,0,0,1,0,0,0,1,0,0,1,0,0,0,0,0,0,0,0,0,0,0,0,1,0,0,0,0,0,1,0,0,0,0,0,1,0,1,0,19,17,1025262.0,187.571428571,7.0
43,69.22,2016,10,15,40,15,1011.6,1016.6,1,0,2,2016-10-19-17-40,2016-10-19 17:40:00,0,1,0,0,0,1,0,0,0,0,1,0,0,0,0,0,0,0,1,0,0,0,1,0,0,1,0,0,0,0,0,0,0,0,0,0,0,0,1,0,0,0,0,0,1,0,0,0,0,0,1,0,1,0,19,17,1020068.0,56.7777777778,9.0
44,233.91,2016,10,15,40,15,1011.6,1016.6,1,0,3,2016-10-19-17-40,2016-10-19 17:40:00,0,1,0,0,0,1,0,0,0,0,1,0,0,0,0,0,0,0,1,0,0,0,1,0,0,1,0,0,0,0,0,0,0,0,0,0,0,0,1,0,0,0,0,0,1,0,0,0,0,0,1,0,1,0,19,17,1028747.0,134.05,20.0
45,289.8,2016,10,18,0,18,1010.1,1015.1,1,0,1,2016-10-19-18-0,2016-10-19 18:00:00,0,1,0,0,0,1,0,0,0,0,1,0,0,0,0,0,0,0,0,1,1,0,0,0,0,0,0,0,0,0,0,0,0,0,1,0,0,1,0,0,0,0,0,0,1,0,0,0,0,0,1,1,0,0,19,18,1019924.0,220.25,4.0
46,27.67,2016,10,18,0,18,1010.1,1015.1,1,0,2,2016-10-19-18-0,2016-10-19 18:00:00,0,1,0,0,0,1,0,0,0,0,1,0,0,0,0,0,0,0,0,1,1,0,0,0,0,0,0,0,0,0,0,0,0,0,1,0,0,1,0,0,0,0,0,0,1,0,0,0,0,0,1,1,0,0,19,18,1023892.0,67.1,10.0
47,80.3,2016,10,18,0,18,1010.1,1015.1,1,0,3,2016-10-19-18-0,2016-10-19 18:00:00,0,1,0,0,0,1,0,0,0,0,1,0,0,0,0,0,0,0,0,1,1,0,0,0,0,0,0,0,0,0,0,0,0,0,1,0,0,1,0,0,0,0,0,0,1,0,0,0,0,0,1,1,0,0,19,18,1020768.0,113.8,15.0
48,130.44,2016,10,18,20,18,1010.1,1015.1,1,0,1,2016-10-19-18-20,2016-10-19 18:20:00,0,1,0,0,0,1,0,0,0,0,1,0,0,0,0,0,0,0,0,1,0,1,0,0,0,0,0,0,0,0,0,0,0,0,1,0,0,1,0,0,0,0,0,0,1,0,0,0,0,0,1,1,0,0,19,18,1016539.0,149.0,8.0
49,78.64,2016,10,18,20,18,1010.1,1015.1,1,0,2,2016-10-19-18-20,2016-10-19 18:20:00,0,1,0,0,0,1,0,0,0,0,1,0,0,0,0,0,0,0,0,1,0,1,0,0,0,0,0,0,0,0,0,0,0,0,1,0,0,1,0,0,0,0,0,0,1,0,0,0,0,0,1,1,0,0,19,18,1020584.0,54.9,10.0
50,102.85,2016,10,18,20,18,1010.1,1015.1,1,0,3,2016-10-19-18-20,2016-10-19 18:20:00,0,1,0,0,0,1,0,0,0,0,1,0,0,0,0,0,0,0,0,1,0,1,0,0,0,0,0,0,0,0,0,0,0,0,1,0,0,1,0,0,0,0,0,0,1,0,0,0,0,0,1,1,0,0,19,18,1019446.0,122.055555556,18.0
51,15.8,2016,10,18,40,18,1010.1,1015.1,1,0,1,2016-10-19-18-40,2016-10-19 18:40:00,0,1,0,0,0,1,0,0,0,0,1,0,0,0,0,0,0,0,0,1,0,0,1,0,0,0,0,0,0,0,0,0,0,0,1,0,0,1,0,0,0,0,0,0,1,0,0,0,0,0,1,1,0,0,19,18,1023199.0,156.75,4.0
52,297.76,2016,10,18,40,18,1010.1,1015.1,1,0,2,2016-10-19-18-40,2016-10-19 18:40:00,0,1,0,0,0,1,0,0,0,0,1,0,0,0,0,0,0,0,0,1,0,0,1,0,0,0,0,0,0,0,0,0,0,0,1,0,0,1,0,0,0,0,0,0,1,0,0,0,0,0,1,1,0,0,19,18,1017111.0,69.2,10.0
53,118.45,2016,10,18,40,18,1010.1,1015.1,1,0,3,2016-10-19-18-40,2016-10-19 18:40:00,0,1,0,0,0,1,0,0,0,0,1,0,0,0,0,0,0,0,0,1,0,0,1,0,0,0,0,0,0,0,0,0,0,0,1,0,0,1,0,0,0,0,0,0,1,0,0,0,0,0,1,1,0,0,19,18,1026242.0,115.95,20.0
54,261.65,2016,10,6,0,6,1010.8,1015.8,1,0,1,2016-10-19-8-0,2016-10-19 08:00:00,0,1,0,0,0,1,0,0,0,0,1,0,0,0,0,0,1,0,0,0,1,0,0,0,0,0,1,0,0,0,0,0,0,0,0,0,0,0,0,1,0,0,0,0,1,0,0,0,0,0,1,0,1,0,19,8,1002262.0,110.5,2.0
55,44.87,2016,10,6,0,6,1010.8,1015.8,1,0,2,2016-10-19-8-0,2016-10-19 08:00:00,0,1,0,0,0,1,0,0,0,0,1,0,0,0,0,0,1,0,0,0,1,0,0,0,0,0,1,0,0,0,0,0,0,0,0,0,0,0,0,1,0,0,0,0,1,0,0,0,0,0,1,0,1,0,19,8,1014060.0,39.5714285714,7.0
56,40.96,2016,10,6,0,6,1010.8,1015.8,1,0,3,2016-10-19-8-0,2016-10-19 08:00:00,0,1,0,0,0,1,0,0,0,0,1,0,0,0,0,0,1,0,0,0,1,0,0,0,0,0,1,0,0,0,0,0,0,0,0,0,0,0,0,1,0,0,0,0,1,0,0,0,0,0,1,0,1,0,19,8,1021570.0,101.5,4.0
57,190.16,2016,10,6,20,6,1010.8,1015.8,1,0,1,2016-10-19-8-20,2016-10-19 08:20:00,0,1,0,0,0,1,0,0,0,0,1,0,0,0,0,0,1,0,0,0,0,1,0,0,0,0,1,0,0,0,0,0,0,0,0,0,0,0,0,1,0,0,0,0,1,0,0,0,0,0,1,0,1,0,19,8,1021170.40891,114.212579124,9.2995951417
58,237.98,2016,10,6,20,6,1010.8,1015.8,1,0,2,2016-10-19-8-20,2016-10-19 08:20:00,0,1,0,0,0,1,0,0,0,0,1,0,0,0,0,0,1,0,0,0,0,1,0,0,0,0,1,0,0,0,0,0,0,0,0,0,0,0,0,1,0,0,0,0,1,0,0,0,0,0,1,0,1,0,19,8,1017857.0,56.5454545455,11.0
59,43.75,2016,10,6,20,6,1010.8,1015.8,1,0,3,2016-10-19-8-20,2016-10-19 08:20:00,0,1,0,0,0,1,0,0,0,0,1,0,0,0,0,0,1,0,0,0,0,1,0,0,0,0,1,0,0,0,0,0,0,0,0,0,0,0,0,1,0,0,0,0,1,0,0,0,0,0,1,0,1,0,19,8,1022062.0,140.6,5.0
60,263.27,2016,10,6,40,6,1010.8,1015.8,1,0,1,2016-10-19-8-40,2016-10-19 08:40:00,0,1,0,0,0,1,0,0,0,0,1,0,0,0,0,0,1,0,0,0,0,0,1,0,0,0,1,0,0,0,0,0,0,0,0,0,0,0,0,1,0,0,0,0,1,0,0,0,0,0,1,0,1,0,19,8,1006608.0,84.5,2.0
61,37.15,2016,10,6,40,6,1010.8,1015.8,1,0,2,2016-10-19-8-40,2016-10-19 08:40:00,0,1,0,0,0,1,0,0,0,0,1,0,0,0,0,0,1,0,0,0,0,0,1,0,0,0,1,0,0,0,0,0,0,0,0,0,0,0,0,1,0,0,0,0,1,0,0,0,0,0,1,0,1,0,19,8,1028291.0,36.8,5.0
62,276.68,2016,10,6,40,6,1010.8,1015.8,1,0,3,2016-10-19-8-40,2016-10-19 08:40:00,0,1,0,0,0,1,0,0,0,0,1,0,0,0,0,0,1,0,0,0,0,0,1,0,0,0,1,0,0,0,0,0,0,0,0,0,0,0,0,1,0,0,0,0,1,0,0,0,0,0,1,0,1,0,19,8,1017789.0,136.8,5.0
63,76.13,2016,10,9,0,9,1010.9,1015.9,1,0,1,2016-10-19-9-0,2016-10-19 09:00:00,0,1,0,0,0,1,0,0,0,0,1,0,0,0,0,0,0,1,0,0,1,0,0,0,0,0,0,1,0,0,0,0,0,0,0,0,0,0,1,0,0,0,0,0,1,0,0,0,0,0,1,1,0,0,19,9,1026907.0,141.4,5.0
64,117.96,2016,10,9,0,9,1010.9,1015.9,1,0,2,2016-10-19-9-0,2016-10-19 09:00:00,0,1,0,0,0,1,0,0,0,0,1,0,0,0,0,0,0,1,0,0,1,0,0,0,0,0,0,1,0,0,0,0,0,0,0,0,0,0,1,0,0,0,0,0,1,0,0,0,0,0,1,1,0,0,19,9,1018984.0,69.2,20.0
65,131.09,2016,10,9,0,9,1010.9,1015.9,1,0,3,2016-10-19-9-0,2016-10-19 09:00:00,0,1,0,0,0,1,0,0,0,0,1,0,0,0,0,0,0,1,0,0,1,0,0,0,0,0,0,1,0,0,0,0,0,0,0,0,0,0,1,0,0,0,0,0,1,0,0,0,0,0,1,1,0,0,19,9,1015231.0,138.571428571,7.0
66,201.08,2016,10,9,20,9,1010.9,1015.9,1,0,1,2016-10-19-9-20,2016-10-19 09:20:00,0,1,0,0,0,1,0,0,0,0,1,0,0,0,0,0,0,1,0,0,0,1,0,0,0,0,0,1,0,0,0,0,0,0,0,0,0,0,1,0,0,0,0,0,1,0,0,0,0,0,1,1,0,0,19,9,1018627.0,172.2,5.0
67,267.59,2016,10,9,20,9,1010.9,1015.9,1,0,2,2016-10-19-9-20,2016-10-19 09:20:00,0,1,0,0,0,1,0,0,0,0,1,0,0,0,0,0,0,1,0,0,0,1,0,0,0,0,0,1,0,0,0,0,0,0,0,0,0,0,1,0,0,0,0,0,1,0,0,0,0,0,1,1,0,0,19,9,1015217.0,99.6,5.0
68,87.48,2016,10,9,20,9,1010.9,1015.9,1,0,3,2016-10-19-9-20,2016-10-19 09:20:00,0,1,0,0,0,1,0,0,0,0,1,0,0,0,0,0,0,1,0,0,0,1,0,0,0,0,0,1,0,0,0,0,0,0,0,0,0,0,1,0,0,0,0,0,1,0,0,0,0,0,1,1,0,0,19,9,1018958.0,111.444444444,18.0
69,110.46,2016,10,9,40,9,1010.9,1015.9,1,0,1,2016-10-19-9-40,2016-10-19 09:40:00,0,1,0,0,0,1,0,0,0,0,1,0,0,0,0,0,0,1,0,0,0,0,1,0,0,0,0,1,0,0,0,0,0,0,0,0,0,0,1,0,0,0,0,0,1,0,0,0,0,0,1,1,0,0,19,9,1019106.0,92.3333333333,3.0
70,10.03,2016,10,9,40,9,1010.9,1015.9,1,0,2,2016-10-19-9-40,2016-10-19 09:40:00,0,1,0,0,0,1,0,0,0,0,1,0,0,0,0,0,0,1,0,0,0,0,1,0,0,0,0,1,0,0,0,0,0,0,0,0,0,0,1,0,0,0,0,0,1,0,0,0,0,0,1,1,0,0,19,9,1014654.0,57.7142857143,14.0
71,259.33,2016,10,9,40,9,1010.9,1015.9,1,0,3,2016-10-19-9-40,2016-10-19 09:40:00,0,1,0,0,0,1,0,0,0,0,1,0,0,0,0,0,0,1,0,0,0,0,1,0,0,0,0,1,0,0,0,0,0,0,0,0,0,0,1,0,0,0,0,0,1,0,0,0,0,0,1,1,0,0,19,9,1014767.0,171.923076923,13.0
72,30.76,2016,10,15,0,15,1008.5,1013.5,1,0,1,2016-10-20-17-0,2016-10-20 17:00:00,0,1,0,0,0,0,1,0,0,0,0,1,0,0,0,0,0,0,1,0,1,0,0,0,0,1,0,0,0,0,0,0,0,0,0,0,0,0,1,0,0,0,0,0,1,0,0,0,0,0,1,0,1,0,20,17,1026886.0,143.428571429,7.0
73,28.09,2016,10,15,0,15,1008.5,1013.5,1,0,2,2016-10-20-17-0,2016-10-20 17:00:00,0,1,0,0,0,0,1,0,0,0,0,1,0,0,0,0,0,0,1,0,1,0,0,0,0,1,0,0,0,0,0,0,0,0,0,0,0,0,1,0,0,0,0,0,1,0,0,0,0,0,1,0,1,0,20,17,1021191.0,76.8181818182,11.0
74,177.29,2016,10,15,0,15,1008.5,1013.5,1,0,3,2016-10-20-17-0,2016-10-20 17:00:00,0,1,0,0,0,0,1,0,0,0,0,1,0,0,0,0,0,0,1,0,1,0,0,0,0,1,0,0,0,0,0,0,0,0,0,0,0,0,1,0,0,0,0,0,1,0,0,0,0,0,1,0,1,0,20,17,1027751.0,144.625,8.0
75,240.04,2016,10,15,20,15,1008.5,1013.5,1,0,1,2016-10-20-17-20,2016-10-20 17:20:00,0,1,0,0,0,0,1,0,0,0,0,1,0,0,0,0,0,0,1,0,0,1,0,0,0,1,0,0,0,0,0,0,0,0,0,0,0,0,1,0,0,0,0,0,1,0,0,0,0,0,1,0,1,0,20,17,1022877.0,129.857142857,7.0
76,240.42,2016,10,15,20,15,1008.5,1013.5,1,0,2,2016-10-20-17-20,2016-10-20 17:20:00,0,1,0,0,0,0,1,0,0,0,0,1,0,0,0,0,0,0,1,0,0,1,0,0,0,1,0,0,0,0,0,0,0,0,0,0,0,0,1,0,0,0,0,0,1,0,0,0,0,0,1,0,1,0,20,17,1024134.0,63.4444444444,9.0
77,16.98,2016,10,15,20,15,1008.5,1013.5,1,0,3,2016-10-20-17-20,2016-10-20 17:20:00,0,1,0,0,0,0,1,0,0,0,0,1,0,0,0,0,0,0,1,0,0,1,0,0,0,1,0,0,0,0,0,0,0,0,0,0,0,0,1,0,0,0,0,0,1,0,0,0,0,0,1,0,1,0,20,17,1018995.0,102.6875,16.0
78,20.37,2016,10,15,40,15,1008.5,1013.5,1,0,1,2016-10-20-17-40,2016-10-20 17:40:00,0,1,0,0,0,0,1,0,0,0,0,1,0,0,0,0,0,0,1,0,0,0,1,0,0,1,0,0,0,0,0,0,0,0,0,0,0,0,1,0,0,0,0,0,1,0,0,0,0,0,1,0,1,0,20,17,1027615.0,137.75,8.0
79,12.27,2016,10,15,40,15,1008.5,1013.5,1,0,2,2016-10-20-17-40,2016-10-20 17:40:00,0,1,0,0,0,0,1,0,0,0,0,1,0,0,0,0,0,0,1,0,0,0,1,0,0,1,0,0,0,0,0,0,0,0,0,0,0,0,1,0,0,0,0,0,1,0,0,0,0,0,1,0,1,0,20,17,1016503.0,63.1,20.0
80,272.65,2016,10,15,40,15,1008.5,1013.5,1,0,3,2016-10-20-17-40,2016-10-20 17:40:00,0,1,0,0,0,0,1,0,0,0,0,1,0,0,0,0,0,0,1,0,0,0,1,0,0,1,0,0,0,0,0,0,0,0,0,0,0,0,1,0,0,0,0,0,1,0,0,0,0,0,1,0,1,0,20,17,1015316.0,108.3125,16.0
81,67.94,2016,10,18,0,18,1007.3,1012.3,1,0,1,2016-10-20-18-0,2016-10-20 18:00:00,0,1,0,0,0,0,1,0,0,0,0,1,0,0,0,0,0,0,0,1,1,0,0,0,0,0,0,1,0,0,0,0,0,0,0,0,0,0,1,0,0,0,0,0,1,0,0,0,0,0,1,1,0,0,20,18,1035398.0,163.0,4.0
82,62.62,2016,10,18,0,18,1007.3,1012.3,1,0,2,2016-10-20-18-0,2016-10-20 18:00:00,0,1,0,0,0,0,1,0,0,0,0,1,0,0,0,0,0,0,0,1,1,0,0,0,0,0,0,1,0,0,0,0,0,0,0,0,0,0,1,0,0,0,0,0,1,0,0,0,0,0,1,1,0,0,20,18,1022937.0,60.6,10.0
83,257.26,2016,10,18,0,18,1007.3,1012.3,1,0,3,2016-10-20-18-0,2016-10-20 18:00:00,0,1,0,0,0,0,1,0,0,0,0,1,0,0,0,0,0,0,0,1,1,0,0,0,0,0,0,1,0,0,0,0,0,0,0,0,0,0,1,0,0,0,0,0,1,0,0,0,0,0,1,1,0,0,20,18,1020202.0,106.647058824,17.0
84,161.1,2016,10,18,20,18,1007.3,1012.3,1,0,1,2016-10-20-18-20,2016-10-20 18:20:00,0,1,0,0,0,0,1,0,0,0,0,1,0,0,0,0,0,0,0,1,0,1,0,0,0,0,0,1,0,0,0,0,0,0,0,0,0,0,1,0,0,0,0,0,1,0,0,0,0,0,1,1,0,0,20,18,1020713.0,158.75,4.0
85,261.84,2016,10,18,20,18,1007.3,1012.3,1,0,2,2016-10-20-18-20,2016-10-20 18:20:00,0,1,0,0,0,0,1,0,0,0,0,1,0,0,0,0,0,0,0,1,0,1,0,0,0,0,0,1,0,0,0,0,0,0,0,0,0,0,1,0,0,0,0,0,1,0,0,0,0,0,1,1,0,0,20,18,1022361.0,64.7,10.0
86,101.67,2016,10,18,20,18,1007.3,1012.3,1,0,3,2016-10-20-18-20,2016-10-20 18:20:00,0,1,0,0,0,0,1,0,0,0,0,1,0,0,0,0,0,0,0,1,0,1,0,0,0,0,0,1,0,0,0,0,0,0,0,0,0,0,1,0,0,0,0,0,1,0,0,0,0,0,1,1,0,0,20,18,1023296.0,115.166666667,12.0
87,163.34,2016,10,18,40,18,1007.3,1012.3,1,0,1,2016-10-20-18-40,2016-10-20 18:40:00,0,1,0,0,0,0,1,0,0,0,0,1,0,0,0,0,0,0,0,1,0,0,1,0,0,0,0,1,0,0,0,0,0,0,0,0,0,0,1,0,0,0,0,0,1,0,0,0,0,0,1,1,0,0,20,18,1026800.0,147.5,2.0
88,118.86,2016,10,18,40,18,1007.3,1012.3,1,0,2,2016-10-20-18-40,2016-10-20 18:40:00,0,1,0,0,0,0,1,0,0,0,0,1,0,0,0,0,0,0,0,1,0,0,1,0,0,0,0,1,0,0,0,0,0,0,0,0,0,0,1,0,0,0,0,0,1,0,0,0,0,0,1,1,0,0,20,18,1020580.0,63.0833333333,12.0
89,238.74,2016,10,18,40,18,1007.3,1012.3,1,0,3,2016-10-20-18-40,2016-10-20 18:40:00,0,1,0,0,0,0,1,0,0,0,0,1,0,0,0,0,0,0,0,1,0,0,1,0,0,0,0,1,0,0,0,0,0,0,0,0,0,0,1,0,0,0,0,0,1,0,0,0,0,0,1,1,0,0,20,18,1023285.0,153.318181818,22.0
90,161.31,2016,10,6,0,6,1007.8,1012.8,1,0,1,2016-10-20-8-0,2016-10-20 08:00:00,0,1,0,0,0,0,1,0,0,0,0,1,0,0,0,0,1,0,0,0,1,0,0,0,0,0,0,1,0,0,0,0,0,0,0,0,0,0,0,1,0,0,0,0,0,1,0,0,0,0,1,1,0,0,20,8,1037333.0,70.0,1.0
91,173.84,2016,10,6,0,6,1007.8,1012.8,1,0,2,2016-10-20-8-0,2016-10-20 08:00:00,0,1,0,0,0,0,1,0,0,0,0,1,0,0,0,0,1,0,0,0,1,0,0,0,0,0,0,1,0,0,0,0,0,0,0,0,0,0,0,1,0,0,0,0,0,1,0,0,0,0,1,1,0,0,20,8,1008515.0,57.4444444444,9.0
92,266.56,2016,10,6,0,6,1007.8,1012.8,1,0,3,2016-10-20-8-0,2016-10-20 08:00:00,0,1,0,0,0,0,1,0,0,0,0,1,0,0,0,0,1,0,0,0,1,0,0,0,0,0,0,1,0,0,0,0,0,0,0,0,0,0,0,1,0,0,0,0,0,1,0,0,0,0,1,1,0,0,20,8,1009698.0,124.2,5.0
93,115.11,2016,10,6,20,6,1007.8,1012.8,1,0,1,2016-10-20-8-20,2016-10-20 08:20:00,0,1,0,0,0,0,1,0,0,0,0,1,0,0,0,0,1,0,0,0,0,1,0,0,0,0,0,1,0,0,0,0,0,0,0,0,0,0,0,1,0,0,0,0,0,1,0,0,0,0,1,1,0,0,20,8,1034531.0,157.0,1.0
94,205.12,2016,10,6,20,6,1007.8,1012.8,1,0,2,2016-10-20-8-20,2016-10-20 08:20:00,0,1,0,0,0,0,1,0,0,0,0,1,0,0,0,0,1,0,0,0,0,1,0,0,0,0,0,1,0,0,0,0,0,0,0,0,0,0,0,1,0,0,0,0,0,1,0,0,0,0,1,1,0,0,20,8,1034662.0,66.0,4.0
95,134.33,2016,10,6,20,6,1007.8,1012.8,1,0,3,2016-10-20-8-20,2016-10-20 08:20:00,0,1,0,0,0,0,1,0,0,0,0,1,0,0,0,0,1,0,0,0,0,1,0,0,0,0,0,1,0,0,0,0,0,0,0,0,0,0,0,1,0,0,0,0,0,1,0,0,0,0,1,1,0,0,20,8,1020977.0,98.1666666667,6.0
96,27.48,2016,10,6,40,6,1007.8,1012.8,1,0,1,2016-10-20-8-40,2016-10-20 08:40:00,0,1,0,0,0,0,1,0,0,0,0,1,0,0,0,0,1,0,0,0,0,0,1,0,0,0,0,1,0,0,0,0,0,0,0,0,0,0,0,1,0,0,0,0,0,1,0,0,0,0,1,1,0,0,20,8,1018142.0,139.111111111,9.0
97,11.92,2016,10,6,40,6,1007.8,1012.8,1,0,2,2016-10-20-8-40,2016-10-20 08:40:00,0,1,0,0,0,0,1,0,0,0,0,1,0,0,0,0,1,0,0,0,0,0,1,0,0,0,0,1,0,0,0,0,0,0,0,0,0,0,0,1,0,0,0,0,0,1,0,0,0,0,1,1,0,0,20,8,1030123.0,60.4,10.0
98,296.09,2016,10,6,40,6,1007.8,1012.8,1,0,3,2016-10-20-8-40,2016-10-20 08:40:00,0,1,0,0,0,0,1,0,0,0,0,1,0,0,0,0,1,0,0,0,0,0,1,0,0,0,0,1,0,0,0,0,0,0,0,0,0,0,0,1,0,0,0,0,0,1,0,0,0,0,1,1,0,0,20,8,1024224.0,155.142857143,7.0
99,21.8,2016,10,9,0,9,1008.1,1013.1,1,0,1,2016-10-20-9-0,2016-10-20 09:00:00,0,1,0,0,0,0,1,0,0,0,0,1,0,0,0,0,0,1,0,0,1,0,0,0,0,0,0,1,0,0,0,0,0,0,0,0,0,0,0,1,0,0,0,0,0,1,0,0,0,0,1,1,0,0,20,9,1013717.0,146.285714286,7.0
100,53.44,2016,10,9,0,9,1008.1,1013.1,1,0,2,2016-10-20-9-0,2016-10-20 09:00:00,0,1,0,0,0,0,1,0,0,0,0,1,0,0,0,0,0,1,0,0,1,0,0,0,0,0,0,1,0,0,0,0,0,0,0,0,0,0,0,1,0,0,0,0,0,1,0,0,0,0,1,1,0,0,20,9,1012949.0,73.5,8.0
101,169.9,2016,10,9,0,9,1008.1,1013.1,1,0,3,2016-10-20-9-0,2016-10-20 09:00:00,0,1,0,0,0,0,1,0,0,0,0,1,0,0,0,0,0,1,0,0,1,0,0,0,0,0,0,1,0,0,0,0,0,0,0,0,0,0,0,1,0,0,0,0,0,1,0,0,0,0,1,1,0,0,20,9,1019377.0,179.25,8.0
102,298.31,2016,10,9,20,9,1008.1,1013.1,1,0,1,2016-10-20-9-20,2016-10-20 09:20:00,0,1,0,0,0,0,1,0,0,0,0,1,0,0,0,0,0,1,0,0,0,1,0,0,0,0,0,1,0,0,0,0,0,0,0,0,0,0,0,1,0,0,0,0,0,1,0,0,0,0,1,1,0,0,20,9,1015089.0,111.5,2.0
103,157.94,2016,10,9,20,9,1008.1,1013.1,1,0,2,2016-10-20-9-20,2016-10-20 09:20:00,0,1,0,0,0,0,1,0,0,0,0,1,0,0,0,0,0,1,0,0,0,1,0,0,0,0,0,1,0,0,0,0,0,0,0,0,0,0,0,1,0,0,0,0,0,1,0,0,0,0,1,1,0,0,20,9,1020267.0,62.7142857143,7.0
104,39.99,2016,10,9,20,9,1008.1,1013.1,1,0,3,2016-10-20-9-20,2016-10-20 09:20:00,0,1,0,0,0,0,1,0,0,0,0,1,0,0,0,0,0,1,0,0,0,1,0,0,0,0,0,1,0,0,0,0,0,0,0,0,0,0,0,1,0,0,0,0,0,1,0,0,0,0,1,1,0,0,20,9,1021207.0,153.5,18.0
105,85.27,2016,10,9,40,9,1008.1,1013.1,1,0,1,2016-10-20-9-40,2016-10-20 09:40:00,0,1,0,0,0,0,1,0,0,0,0,1,0,0,0,0,0,1,0,0,0,0,1,0,0,0,0,1,0,0,0,0,0,0,0,0,0,0,0,1,0,0,0,0,0,1,0,0,0,0,1,1,0,0,20,9,1032203.0,121.5,4.0
106,147.04,2016,10,9,40,9,1008.1,1013.1,1,0,2,2016-10-20-9-40,2016-10-20 09:40:00,0,1,0,0,0,0,1,0,0,0,0,1,0,0,0,0,0,1,0,0,0,0,1,0,0,0,0,1,0,0,0,0,0,0,0,0,0,0,0,1,0,0,0,0,0,1,0,0,0,0,1,1,0,0,20,9,1020865.0,75.3571428571,14.0
107,279.89,2016,10,9,40,9,1008.1,1013.1,1,0,3,2016-10-20-9-40,2016-10-20 09:40:00,0,1,0,0,0,0,1,0,0,0,0,1,0,0,0,0,0,1,0,0,0,0,1,0,0,0,0,1,0,0,0,0,0,0,0,0,0,0,0,1,0,0,0,0,0,1,0,0,0,0,1,1,0,0,20,9,1016576.0,158.125,8.0
108,241.95,2016,10,15,0,15,1005.8,1010.8,1,0,1,2016-10-21-17-0,2016-10-21 17:00:00,0,0,0,0,0,0,0,1,0,0,0,0,1,0,0,0,0,0,1,0,1,0,0,0,0,0,0,0,0,0,0,0,0,0,0,0,1,0,0,1,0,0,0,0,1,0,0,0,0,0,1,1,0,0,21,17,1028785.0,193.166666667,6.0
109,242.83,2016,10,15,0,15,1005.8,1010.8,1,0,2,2016-10-21-17-0,2016-10-21 17:00:00,0,0,0,0,0,0,0,1,0,0,0,0,1,0,0,0,0,0,1,0,1,0,0,0,0,0,0,0,0,0,0,0,0,0,0,0,1,0,0,1,0,0,0,0,1,0,0,0,0,0,1,1,0,0,21,17,1020274.0,53.4615384615,13.0
110,131.41,2016,10,15,0,15,1005.8,1010.8,1,0,3,2016-10-21-17-0,2016-10-21 17:00:00,0,0,0,0,0,0,0,1,0,0,0,0,1,0,0,0,0,0,1,0,1,0,0,0,0,0,0,0,0,0,0,0,0,0,0,0,1,0,0,1,0,0,0,0,1,0,0,0,0,0,1,1,0,0,21,17,1022227.0,149.105263158,19.0
111,223.92,2016,10,15,20,15,1005.8,1010.8,1,0,1,2016-10-21-17-20,2016-10-21 17:20:00,0,0,0,0,0,0,0,1,0,0,0,0,1,0,0,0,0,0,1,0,0,1,0,0,0,0,0,0,0,0,0,0,0,0,0,0,1,0,0,1,0,0,0,0,1,0,0,0,0,0,1,1,0,0,21,17,1028841.0,180.333333333,3.0
112,159.13,2016,10,15,20,15,1005.8,1010.8,1,0,2,2016-10-21-17-20,2016-10-21 17:20:00,0,0,0,0,0,0,0,1,0,0,0,0,1,0,0,0,0,0,1,0,0,1,0,0,0,0,0,0,0,0,0,0,0,0,0,0,1,0,0,1,0,0,0,0,1,0,0,0,0,0,1,1,0,0,21,17,1021094.0,86.0833333333,12.0
113,265.21,2016,10,15,20,15,1005.8,1010.8,1,0,3,2016-10-21-17-20,2016-10-21 17:20:00,0,0,0,0,0,0,0,1,0,0,0,0,1,0,0,0,0,0,1,0,0,1,0,0,0,0,0,0,0,0,0,0,0,0,0,0,1,0,0,1,0,0,0,0,1,0,0,0,0,0,1,1,0,0,21,17,1023928.0,122.875,24.0
114,12.64,2016,10,15,40,15,1005.8,1010.8,1,0,1,2016-10-21-17-40,2016-10-21 17:40:00,0,0,0,0,0,0,0,1,0,0,0,0,1,0,0,0,0,0,1,0,0,0,1,0,0,0,0,0,0,0,0,0,0,0,0,0,1,0,0,1,0,0,0,0,1,0,0,0,0,0,1,1,0,0,21,17,1019386.0,172.125,8.0
115,119.55,2016,10,15,40,15,1005.8,1010.8,1,0,2,2016-10-21-17-40,2016-10-21 17:40:00,0,0,0,0,0,0,0,1,0,0,0,0,1,0,0,0,0,0,1,0,0,0,1,0,0,0,0,0,0,0,0,0,0,0,0,0,1,0,0,1,0,0,0,0,1,0,0,0,0,0,1,1,0,0,21,17,1018784.0,81.1666666667,12.0
116,176.63,2016,10,15,40,15,1005.8,1010.8,1,0,3,2016-10-21-17-40,2016-10-21 17:40:00,0,0,0,0,0,0,0,1,0,0,0,0,1,0,0,0,0,0,1,0,0,0,1,0,0,0,0,0,0,0,0,0,0,0,0,0,1,0,0,1,0,0,0,0,1,0,0,0,0,0,1,1,0,0,21,17,1021804.0,135.304347826,23.0
117,72.56,2016,10,18,0,18,1005.3,1010.3,1,0,1,2016-10-21-18-0,2016-10-21 18:00:00,0,0,0,0,0,0,0,1,0,0,0,0,1,0,0,0,0,0,0,1,1,0,0,0,0,0,0,0,0,0,0,0,0,0,0,1,0,0,0,1,0,0,0,0,1,0,0,0,0,0,1,0,1,0,21,18,1021714.0,135.875,8.0
118,87.75,2016,10,18,0,18,1005.3,1010.3,1,0,2,2016-10-21-18-0,2016-10-21 18:00:00,0,0,0,0,0,0,0,1,0,0,0,0,1,0,0,0,0,0,0,1,1,0,0,0,0,0,0,0,0,0,0,0,0,0,0,1,0,0,0,1,0,0,0,0,1,0,0,0,0,0,1,0,1,0,21,18,1026715.0,71.8333333333,12.0
119,53.42,2016,10,18,0,18,1005.3,1010.3,1,0,3,2016-10-21-18-0,2016-10-21 18:00:00,0,0,0,0,0,0,0,1,0,0,0,0,1,0,0,0,0,0,0,1,1,0,0,0,0,0,0,0,0,0,0,0,0,0,0,1,0,0,0,1,0,0,0,0,1,0,0,0,0,0,1,0,1,0,21,18,1024181.0,123.846153846,26.0
120,17.6,2016,10,18,20,18,1005.3,1010.3,1,0,1,2016-10-21-18-20,2016-10-21 18:20:00,0,0,0,0,0,0,0,1,0,0,0,0,1,0,0,0,0,0,0,1,0,1,0,0,0,0,0,0,0,0,0,0,0,0,0,1,0,0,0,1,0,0,0,0,1,0,0,0,0,0,1,0,1,0,21,18,1023778.0,184.363636364,11.0
121,15.84,2016,10,18,20,18,1005.3,1010.3,1,0,2,2016-10-21-18-20,2016-10-21 18:20:00,0,0,0,0,0,0,0,1,0,0,0,0,1,0,0,0,0,0,0,1,0,1,0,0,0,0,0,0,0,0,0,0,0,0,0,1,0,0,0,1,0,0,0,0,1,0,0,0,0,0,1,0,1,0,21,18,1027874.0,107.066666667,15.0
122,70.64,2016,10,18,20,18,1005.3,1010.3,1,0,3,2016-10-21-18-20,2016-10-21 18:20:00,0,0,0,0,0,0,0,1,0,0,0,0,1,0,0,0,0,0,0,1,0,1,0,0,0,0,0,0,0,0,0,0,0,0,0,1,0,0,0,1,0,0,0,0,1,0,0,0,0,0,1,0,1,0,21,18,1019282.0,119.730769231,26.0
123,278.37,2016,10,18,40,18,1005.3,1010.3,1,0,1,2016-10-21-18-40,2016-10-21 18:40:00,0,0,0,0,0,0,0,1,0,0,0,0,1,0,0,0,0,0,0,1,0,0,1,0,0,0,0,0,0,0,0,0,0,0,0,1,0,0,0,1,0,0,0,0,1,0,0,0,0,0,1,0,1,0,21,18,1025434.0,197.7,10.0
124,30.04,2016,10,18,40,18,1005.3,1010.3,1,0,2,2016-10-21-18-40,2016-10-21 18:40:00,0,0,0,0,0,0,0,1,0,0,0,0,1,0,0,0,0,0,0,1,0,0,1,0,0,0,0,0,0,0,0,0,0,0,0,1,0,0,0,1,0,0,0,0,1,0,0,0,0,0,1,0,1,0,21,18,1028060.0,78.3333333333,12.0
125,70.64,2016,10,18,40,18,1005.3,1010.3,1,0,3,2016-10-21-18-40,2016-10-21 18:40:00,0,0,0,0,0,0,0,1,0,0,0,0,1,0,0,0,0,0,0,1,0,0,1,0,0,0,0,0,0,0,0,0,0,0,0,1,0,0,0,1,0,0,0,0,1,0,0,0,0,0,1,0,1,0,21,18,1024865.0,123.105263158,19.0
126,266.66,2016,10,6,0,6,1004.1,1009.1,1,0,1,2016-10-21-8-0,2016-10-21 08:00:00,0,0,0,0,0,0,0,1,0,0,0,0,1,0,0,0,1,0,0,0,1,0,0,0,0,0,0,0,0,0,0,0,0,0,0,1,0,0,0,0,1,0,0,0,1,0,0,0,0,0,1,1,0,0,21,8,1021170.40891,114.212579124,9.2995951417
127,291.15,2016,10,6,0,6,1004.1,1009.1,1,0,2,2016-10-21-8-0,2016-10-21 08:00:00,0,0,0,0,0,0,0,1,0,0,0,0,1,0,0,0,1,0,0,0,1,0,0,0,0,0,0,0,0,0,0,0,0,0,0,1,0,0,0,0,1,0,0,0,1,0,0,0,0,0,1,1,0,0,21,8,1017087.0,60.5714285714,7.0
128,229.07,2016,10,6,0,6,1004.1,1009.1,1,0,3,2016-10-21-8-0,2016-10-21 08:00:00,0,0,0,0,0,0,0,1,0,0,0,0,1,0,0,0,1,0,0,0,1,0,0,0,0,0,0,0,0,0,0,0,0,0,0,1,0,0,0,0,1,0,0,0,1,0,0,0,0,0,1,1,0,0,21,8,1001268.0,112.0,1.0
129,202.89,2016,10,6,20,6,1004.1,1009.1,1,0,1,2016-10-21-8-20,2016-10-21 08:20:00,0,0,0,0,0,0,0,1,0,0,0,0,1,0,0,0,1,0,0,0,0,1,0,0,0,0,0,0,0,0,0,0,0,0,0,1,0,0,0,0,1,0,0,0,1,0,0,0,0,0,1,1,0,0,21,8,1027024.0,152.0,2.0
130,288.38,2016,10,6,20,6,1004.1,1009.1,1,0,2,2016-10-21-8-20,2016-10-21 08:20:00,0,0,0,0,0,0,0,1,0,0,0,0,1,0,0,0,1,0,0,0,0,1,0,0,0,0,0,0,0,0,0,0,0,0,0,1,0,0,0,0,1,0,0,0,1,0,0,0,0,0,1,1,0,0,21,8,1018305.0,40.5,2.0
131,104.66,2016,10,6,20,6,1004.1,1009.1,1,0,3,2016-10-21-8-20,2016-10-21 08:20:00,0,0,0,0,0,0,0,1,0,0,0,0,1,0,0,0,1,0,0,0,0,1,0,0,0,0,0,0,0,0,0,0,0,0,0,1,0,0,0,0,1,0,0,0,1,0,0,0,0,0,1,1,0,0,21,8,1021609.0,101.333333333,6.0
132,284.66,2016,10,6,40,6,1004.1,1009.1,1,0,1,2016-10-21-8-40,2016-10-21 08:40:00,0,0,0,0,0,0,0,1,0,0,0,0,1,0,0,0,1,0,0,0,0,0,1,0,0,0,0,0,0,0,0,0,0,0,0,1,0,0,0,0,1,0,0,0,1,0,0,0,0,0,1,1,0,0,21,8,1010785.0,142.666666667,3.0
133,11.57,2016,10,6,40,6,1004.1,1009.1,1,0,2,2016-10-21-8-40,2016-10-21 08:40:00,0,0,0,0,0,0,0,1,0,0,0,0,1,0,0,0,1,0,0,0,0,0,1,0,0,0,0,0,0,0,0,0,0,0,0,1,0,0,0,0,1,0,0,0,1,0,0,0,0,0,1,1,0,0,21,8,1024530.0,48.4,10.0
134,255.26,2016,10,6,40,6,1004.1,1009.1,1,0,3,2016-10-21-8-40,2016-10-21 08:40:00,0,0,0,0,0,0,0,1,0,0,0,0,1,0,0,0,1,0,0,0,0,0,1,0,0,0,0,0,0,0,0,0,0,0,0,1,0,0,0,0,1,0,0,0,1,0,0,0,0,0,1,1,0,0,21,8,1009107.0,118.333333333,6.0
135,288.85,2016,10,9,0,9,1004.3,1009.3,1,0,1,2016-10-21-9-0,2016-10-21 09:00:00,0,0,0,0,0,0,0,1,0,0,0,0,1,0,0,0,0,1,0,0,1,0,0,0,0,0,0,0,0,0,0,0,0,0,0,1,0,0,0,1,0,0,0,0,1,0,0,0,0,0,1,1,0,0,21,9,1016552.0,150.5,4.0
136,225.44,2016,10,9,0,9,1004.3,1009.3,1,0,2,2016-10-21-9-0,2016-10-21 09:00:00,0,0,0,0,0,0,0,1,0,0,0,0,1,0,0,0,0,1,0,0,1,0,0,0,0,0,0,0,0,0,0,0,0,0,0,1,0,0,0,1,0,0,0,0,1,0,0,0,0,0,1,1,0,0,21,9,1018646.0,49.3333333333,6.0
137,282.74,2016,10,9,0,9,1004.3,1009.3,1,0,3,2016-10-21-9-0,2016-10-21 09:00:00,0,0,0,0,0,0,0,1,0,0,0,0,1,0,0,0,0,1,0,0,1,0,0,0,0,0,0,0,0,0,0,0,0,0,0,1,0,0,0,1,0,0,0,0,1,0,0,0,0,0,1,1,0,0,21,9,1012580.0,124.636363636,11.0
138,197.61,2016,10,9,20,9,1004.3,1009.3,1,0,1,2016-10-21-9-20,2016-10-21 09:20:00,0,0,0,0,0,0,0,1,0,0,0,0,1,0,0,0,0,1,0,0,0,1,0,0,0,0,0,0,0,0,0,0,0,0,0,1,0,0,0,1,0,0,0,0,1,0,0,0,0,0,1,1,0,0,21,9,1023794.0,83.0,1.0
139,69.84,2016,10,9,20,9,1004.3,1009.3,1,0,2,2016-10-21-9-20,2016-10-21 09:20:00,0,0,0,0,0,0,0,1,0,0,0,0,1,0,0,0,0,1,0,0,0,1,0,0,0,0,0,0,0,0,0,0,0,0,0,1,0,0,0,1,0,0,0,0,1,0,0,0,0,0,1,1,0,0,21,9,1017587.0,56.5,8.0
140,242.08,2016,10,9,20,9,1004.3,1009.3,1,0,3,2016-10-21-9-20,2016-10-21 09:20:00,0,0,0,0,0,0,0,1,0,0,0,0,1,0,0,0,0,1,0,0,0,1,0,0,0,0,0,0,0,0,0,0,0,0,0,1,0,0,0,1,0,0,0,0,1,0,0,0,0,0,1,1,0,0,21,9,1020973.0,145.4375,16.0
141,99.27,2016,10,9,40,9,1004.3,1009.3,1,0,1,2016-10-21-9-40,2016-10-21 09:40:00,0,0,0,0,0,0,0,1,0,0,0,0,1,0,0,0,0,1,0,0,0,0,1,0,0,0,0,0,0,0,0,0,0,0,0,1,0,0,0,1,0,0,0,0,1,0,0,0,0,0,1,1,0,0,21,9,1011934.0,136.5,4.0
142,54.5,2016,10,9,40,9,1004.3,1009.3,1,0,2,2016-10-21-9-40,2016-10-21 09:40:00,0,0,0,0,0,0,0,1,0,0,0,0,1,0,0,0,0,1,0,0,0,0,1,0,0,0,0,0,0,0,0,0,0,0,0,1,0,0,0,1,0,0,0,0,1,0,0,0,0,0,1,1,0,0,21,9,1014943.0,70.0,6.0
143,246.72,2016,10,9,40,9,1004.3,1009.3,1,0,3,2016-10-21-9-40,2016-10-21 09:40:00,0,0,0,0,0,0,0,1,0,0,0,0,1,0,0,0,0,1,0,0,0,0,1,0,0,0,0,0,0,0,0,0,0,0,0,1,0,0,0,1,0,0,0,0,1,0,0,0,0,0,1,1,0,0,21,9,1014734.0,148.6,10.0
144,79.79,2016,10,15,0,15,1004.0,1009.0,1,0,1,2016-10-22-17-0,2016-10-22 17:00:00,0,0,0,0,0,0,0,0,1,0,0,0,0,1,0,0,0,0,1,0,1,0,0,0,0,0,0,0,0,0,0,0,0,0,0,0,1,0,0,0,0,1,0,0,1,0,0,0,0,0,1,0,1,0,22,17,1023521.0,124.0,1.0
145,209.61,2016,10,15,0,15,1004.0,1009.0,1,0,2,2016-10-22-17-0,2016-10-22 17:00:00,0,0,0,0,0,0,0,0,1,0,0,0,0,1,0,0,0,0,1,0,1,0,0,0,0,0,0,0,0,0,0,0,0,0,0,0,1,0,0,0,0,1,0,0,1,0,0,0,0,0,1,0,1,0,22,17,1016260.0,63.4,10.0
146,158.25,2016,10,15,0,15,1004.0,1009.0,1,0,3,2016-10-22-17-0,2016-10-22 17:00:00,0,0,0,0,0,0,0,0,1,0,0,0,0,1,0,0,0,0,1,0,1,0,0,0,0,0,0,0,0,0,0,0,0,0,0,0,1,0,0,0,0,1,0,0,1,0,0,0,0,0,1,0,1,0,22,17,1026773.0,127.615384615,13.0
147,202.72,2016,10,15,20,15,1004.0,1009.0,1,0,1,2016-10-22-17-20,2016-10-22 17:20:00,0,0,0,0,0,0,0,0,1,0,0,0,0,1,0,0,0,0,1,0,0,1,0,0,0,0,0,0,0,0,0,0,0,0,0,0,1,0,0,0,0,1,0,0,1,0,0,0,0,0,1,0,1,0,22,17,1024799.0,161.888888889,9.0
148,108.61,2016,10,15,20,15,1004.0,1009.0,1,0,2,2016-10-22-17-20,2016-10-22 17:20:00,0,0,0,0,0,0,0,0,1,0,0,0,0,1,0,0,0,0,1,0,0,1,0,0,0,0,0,0,0,0,0,0,0,0,0,0,1,0,0,0,0,1,0,0,1,0,0,0,0,0,1,0,1,0,22,17,1023314.0,66.2307692308,13.0
149,170.87,2016,10,15,20,15,1004.0,1009.0,1,0,3,2016-10-22-17-20,2016-10-22 17:20:00,0,0,0,0,0,0,0,0,1,0,0,0,0,1,0,0,0,0,1,0,0,1,0,0,0,0,0,0,0,0,0,0,0,0,0,0,1,0,0,0,0,1,0,0,1,0,0,0,0,0,1,0,1,0,22,17,1023037.0,104.0,19.0
150,182.03,2016,10,15,40,15,1004.0,1009.0,1,0,1,2016-10-22-17-40,2016-10-22 17:40:00,0,0,0,0,0,0,0,0,1,0,0,0,0,1,0,0,0,0,1,0,0,0,1,0,0,0,0,0,0,0,0,0,0,0,0,0,1,0,0,0,0,1,0,0,1,0,0,0,0,0,1,0,1,0,22,17,1012969.0,178.2,5.0
151,277.7,2016,10,15,40,15,1004.0,1009.0,1,0,2,2016-10-22-17-40,2016-10-22 17:40:00,0,0,0,0,0,0,0,0,1,0,0,0,0,1,0,0,0,0,1,0,0,0,1,0,0,0,0,0,0,0,0,0,0,0,0,0,1,0,0,0,0,1,0,0,1,0,0,0,0,0,1,0,1,0,22,17,1016683.0,60.7142857143,7.0
152,150.21,2016,10,15,40,15,1004.0,1009.0,1,0,3,2016-10-22-17-40,2016-10-22 17:40:00,0,0,0,0,0,0,0,0,1,0,0,0,0,1,0,0,0,0,1,0,0,0,1,0,0,0,0,0,0,0,0,0,0,0,0,0,1,0,0,0,0,1,0,0,1,0,0,0,0,0,1,0,1,0,22,17,1020580.0,111.136363636,22.0
153,265.82,2016,10,18,0,18,1005.3,1010.3,1,0,1,2016-10-22-18-0,2016-10-22 18:00:00,0,0,0,0,0,0,0,0,1,0,0,0,0,1,0,0,0,0,0,1,1,0,0,1,0,0,0,0,0,0,0,0,0,0,0,0,0,0,0,0,0,0,1,0,1,0,0,0,0,0,1,1,0,0,22,18,1032090.0,196.888888889,9.0
154,261.81,2016,10,18,0,18,1005.3,1010.3,1,0,2,2016-10-22-18-0,2016-10-22 18:00:00,0,0,0,0,0,0,0,0,1,0,0,0,0,1,0,0,0,0,0,1,1,0,0,1,0,0,0,0,0,0,0,0,0,0,0,0,0,0,0,0,0,0,1,0,1,0,0,0,0,0,1,1,0,0,22,18,1019358.0,68.4666666667,15.0
155,76.39,2016,10,18,0,18,1005.3,1010.3,1,0,3,2016-10-22-18-0,2016-10-22 18:00:00,0,0,0,0,0,0,0,0,1,0,0,0,0,1,0,0,0,0,0,1,1,0,0,1,0,0,0,0,0,0,0,0,0,0,0,0,0,0,0,0,0,0,1,0,1,0,0,0,0,0,1,1,0,0,22,18,1020031.0,149.238095238,21.0
156,69.19,2016,10,18,20,18,1005.3,1010.3,1,0,1,2016-10-22-18-20,2016-10-22 18:20:00,0,0,0,0,0,0,0,0,1,0,0,0,0,1,0,0,0,0,0,1,0,1,0,1,0,0,0,0,0,0,0,0,0,0,0,0,0,0,0,0,0,0,1,0,1,0,0,0,0,0,1,1,0,0,22,18,1020904.0,158.727272727,11.0
157,36.99,2016,10,18,20,18,1005.3,1010.3,1,0,2,2016-10-22-18-20,2016-10-22 18:20:00,0,0,0,0,0,0,0,0,1,0,0,0,0,1,0,0,0,0,0,1,0,1,0,1,0,0,0,0,0,0,0,0,0,0,0,0,0,0,0,0,0,0,1,0,1,0,0,0,0,0,1,1,0,0,22,18,1022342.0,84.1,10.0
158,103.71,2016,10,18,20,18,1005.3,1010.3,1,0,3,2016-10-22-18-20,2016-10-22 18:20:00,0,0,0,0,0,0,0,0,1,0,0,0,0,1,0,0,0,0,0,1,0,1,0,1,0,0,0,0,0,0,0,0,0,0,0,0,0,0,0,0,0,0,1,0,1,0,0,0,0,0,1,1,0,0,22,18,1022272.0,113.166666667,18.0
159,107.16,2016,10,18,40,18,1005.3,1010.3,1,0,1,2016-10-22-18-40,2016-10-22 18:40:00,0,0,0,0,0,0,0,0,1,0,0,0,0,1,0,0,0,0,0,1,0,0,1,1,0,0,0,0,0,0,0,0,0,0,0,0,0,0,0,0,0,0,1,0,1,0,0,0,0,0,1,1,0,0,22,18,1029767.0,191.75,12.0
160,181.74,2016,10,18,40,18,1005.3,1010.3,1,0,2,2016-10-22-18-40,2016-10-22 18:40:00,0,0,0,0,0,0,0,0,1,0,0,0,0,1,0,0,0,0,0,1,0,0,1,1,0,0,0,0,0,0,0,0,0,0,0,0,0,0,0,0,0,0,1,0,1,0,0,0,0,0,1,1,0,0,22,18,1018017.0,65.9230769231,13.0
161,183.59,2016,10,18,40,18,1005.3,1010.3,1,0,3,2016-10-22-18-40,2016-10-22 18:40:00,0,0,0,0,0,0,0,0,1,0,0,0,0,1,0,0,0,0,0,1,0,0,1,1,0,0,0,0,0,0,0,0,0,0,0,0,0,0,0,0,0,0,1,0,1,0,0,0,0,0,1,1,0,0,22,18,1019879.0,108.8,15.0
162,183.69,2016,10,6,0,6,1000.2,1005.1,1,0,1,2016-10-22-8-0,2016-10-22 08:00:00,0,0,0,0,0,0,0,0,1,0,0,0,0,1,0,0,1,0,0,0,1,0,0,0,0,0,1,0,0,0,0,0,0,0,0,0,0,0,0,1,0,0,0,0,0,1,0,0,0,0,1,1,0,0,22,8,1049087.0,114.0,1.0
163,242.89,2016,10,6,0,6,1000.2,1005.1,1,0,2,2016-10-22-8-0,2016-10-22 08:00:00,0,0,0,0,0,0,0,0,1,0,0,0,0,1,0,0,1,0,0,0,1,0,0,0,0,0,1,0,0,0,0,0,0,0,0,0,0,0,0,1,0,0,0,0,0,1,0,0,0,0,1,1,0,0,22,8,1013078.0,33.25,8.0
164,136.11,2016,10,6,0,6,1000.2,1005.1,1,0,3,2016-10-22-8-0,2016-10-22 08:00:00,0,0,0,0,0,0,0,0,1,0,0,0,0,1,0,0,1,0,0,0,1,0,0,0,0,0,1,0,0,0,0,0,0,0,0,0,0,0,0,1,0,0,0,0,0,1,0,0,0,0,1,1,0,0,22,8,1021170.40891,114.212579124,9.2995951417
165,82.39,2016,10,6,20,6,1000.2,1005.1,1,0,1,2016-10-22-8-20,2016-10-22 08:20:00,0,0,0,0,0,0,0,0,1,0,0,0,0,1,0,0,1,0,0,0,0,1,0,0,0,0,1,0,0,0,0,0,0,0,0,0,0,0,0,1,0,0,0,0,0,1,0,0,0,0,1,1,0,0,22,8,1004267.0,105.5,2.0
166,56.44,2016,10,6,20,6,1000.2,1005.1,1,0,2,2016-10-22-8-20,2016-10-22 08:20:00,0,0,0,0,0,0,0,0,1,0,0,0,0,1,0,0,1,0,0,0,0,1,0,0,0,0,1,0,0,0,0,0,0,0,0,0,0,0,0,1,0,0,0,0,0,1,0,0,0,0,1,1,0,0,22,8,1030512.0,81.0,3.0
167,34.88,2016,10,6,20,6,1000.2,1005.1,1,0,3,2016-10-22-8-20,2016-10-22 08:20:00,0,0,0,0,0,0,0,0,1,0,0,0,0,1,0,0,1,0,0,0,0,1,0,0,0,0,1,0,0,0,0,0,0,0,0,0,0,0,0,1,0,0,0,0,0,1,0,0,0,0,1,1,0,0,22,8,1007635.0,91.875,8.0
168,292.0,2016,10,6,40,6,1000.2,1005.1,1,0,1,2016-10-22-8-40,2016-10-22 08:40:00,0,0,0,0,0,0,0,0,1,0,0,0,0,1,0,0,1,0,0,0,0,0,1,0,0,0,1,0,0,0,0,0,0,0,0,0,0,0,0,1,0,0,0,0,0,1,0,0,0,0,1,1,0,0,22,8,1004443.0,150.666666667,3.0
169,77.6,2016,10,6,40,6,1000.2,1005.1,1,0,2,2016-10-22-8-40,2016-10-22 08:40:00,0,0,0,0,0,0,0,0,1,0,0,0,0,1,0,0,1,0,0,0,0,0,1,0,0,0,1,0,0,0,0,0,0,0,0,0,0,0,0,1,0,0,0,0,0,1,0,0,0,0,1,1,0,0,22,8,1013397.0,51.8888888889,9.0
170,20.4,2016,10,6,40,6,1000.2,1005.1,1,0,3,2016-10-22-8-40,2016-10-22 08:40:00,0,0,0,0,0,0,0,0,1,0,0,0,0,1,0,0,1,0,0,0,0,0,1,0,0,0,1,0,0,0,0,0,0,0,0,0,0,0,0,1,0,0,0,0,0,1,0,0,0,0,1,1,0,0,22,8,1018396.0,116.444444444,9.0
171,142.13,2016,10,9,0,9,999.4,1004.3,1,0,1,2016-10-22-9-0,2016-10-22 09:00:00,0,0,0,0,0,0,0,0,1,0,0,0,0,1,0,0,0,1,0,0,1,0,0,0,0,0,0,0,1,0,0,0,0,0,0,0,0,0,0,1,0,0,0,0,0,1,0,0,0,0,1,0,0,1,22,9,1005829.0,139.5,2.0
172,169.61,2016,10,9,0,9,999.4,1004.3,1,0,2,2016-10-22-9-0,2016-10-22 09:00:00,0,0,0,0,0,0,0,0,1,0,0,0,0,1,0,0,0,1,0,0,1,0,0,0,0,0,0,0,1,0,0,0,0,0,0,0,0,0,0,1,0,0,0,0,0,1,0,0,0,0,1,0,0,1,22,9,1016978.0,50.6,5.0
173,159.22,2016,10,9,0,9,999.4,1004.3,1,0,3,2016-10-22-9-0,2016-10-22 09:00:00,0,0,0,0,0,0,0,0,1,0,0,0,0,1,0,0,0,1,0,0,1,0,0,0,0,0,0,0,1,0,0,0,0,0,0,0,0,0,0,1,0,0,0,0,0,1,0,0,0,0,1,0,0,1,22,9,1019587.0,109.285714286,7.0
174,287.14,2016,10,9,20,9,999.4,1004.3,1,0,1,2016-10-22-9-20,2016-10-22 09:20:00,0,0,0,0,0,0,0,0,1,0,0,0,0,1,0,0,0,1,0,0,0,1,0,0,0,0,0,0,1,0,0,0,0,0,0,0,0,0,0,1,0,0,0,0,0,1,0,0,0,0,1,0,0,1,22,9,1029901.0,138.5,2.0
175,41.47,2016,10,9,20,9,999.4,1004.3,1,0,2,2016-10-22-9-20,2016-10-22 09:20:00,0,0,0,0,0,0,0,0,1,0,0,0,0,1,0,0,0,1,0,0,0,1,0,0,0,0,0,0,1,0,0,0,0,0,0,0,0,0,0,1,0,0,0,0,0,1,0,0,0,0,1,0,0,1,22,9,1019830.0,57.75,4.0
176,184.25,2016,10,9,20,9,999.4,1004.3,1,0,3,2016-10-22-9-20,2016-10-22 09:20:00,0,0,0,0,0,0,0,0,1,0,0,0,0,1,0,0,0,1,0,0,0,1,0,0,0,0,0,0,1,0,0,0,0,0,0,0,0,0,0,1,0,0,0,0,0,1,0,0,0,0,1,0,0,1,22,9,1019031.0,129.428571429,14.0
177,285.57,2016,10,9,40,9,999.4,1004.3,1,0,1,2016-10-22-9-40,2016-10-22 09:40:00,0,0,0,0,0,0,0,0,1,0,0,0,0,1,0,0,0,1,0,0,0,0,1,0,0,0,0,0,1,0,0,0,0,0,0,0,0,0,0,1,0,0,0,0,0,1,0,0,0,0,1,0,0,1,22,9,1032103.0,187.0,1.0
178,249.55,2016,10,9,40,9,999.4,1004.3,1,0,2,2016-10-22-9-40,2016-10-22 09:40:00,0,0,0,0,0,0,0,0,1,0,0,0,0,1,0,0,0,1,0,0,0,0,1,0,0,0,0,0,1,0,0,0,0,0,0,0,0,0,0,1,0,0,0,0,0,1,0,0,0,0,1,0,0,1,22,9,1022868.0,90.4,10.0
179,211.01,2016,10,9,40,9,999.4,1004.3,1,0,3,2016-10-22-9-40,2016-10-22 09:40:00,0,0,0,0,0,0,0,0,1,0,0,0,0,1,0,0,0,1,0,0,0,0,1,0,0,0,0,0,1,0,0,0,0,0,0,0,0,0,0,1,0,0,0,0,0,1,0,0,0,0,1,0,0,1,22,9,1025995.0,132.222222222,9.0
180,180.98,2016,10,15,0,15,1011.4,1016.4,1,0,1,2016-10-23-17-0,2016-10-23 17:00:00,0,0,1,0,0,0,0,0,0,0,0,0,0,0,1,0,0,0,1,0,1,0,0,0,0,0,0,0,0,0,0,0,0,0,1,0,0,0,1,0,0,0,0,1,0,0,0,0,0,0,1,1,0,0,23,17,1026144.0,154.375,8.0
181,58.24,2016,10,15,0,15,1011.4,1016.4,1,0,2,2016-10-23-17-0,2016-10-23 17:00:00,0,0,1,0,0,0,0,0,0,0,0,0,0,0,1,0,0,0,1,0,1,0,0,0,0,0,0,0,0,0,0,0,0,0,1,0,0,0,1,0,0,0,0,1,0,0,0,0,0,0,1,1,0,0,23,17,1023305.0,89.2,10.0
182,274.3,2016,10,15,0,15,1011.4,1016.4,1,0,3,2016-10-23-17-0,2016-10-23 17:00:00,0,0,1,0,0,0,0,0,0,0,0,0,0,0,1,0,0,0,1,0,1,0,0,0,0,0,0,0,0,0,0,0,0,0,1,0,0,0,1,0,0,0,0,1,0,0,0,0,0,0,1,1,0,0,23,17,1020051.0,123.947368421,19.0
183,226.59,2016,10,15,20,15,1011.4,1016.4,1,0,1,2016-10-23-17-20,2016-10-23 17:20:00,0,0,1,0,0,0,0,0,0,0,0,0,0,0,1,0,0,0,1,0,0,1,0,0,0,0,0,0,0,0,0,0,0,0,1,0,0,0,1,0,0,0,0,1,0,0,0,0,0,0,1,1,0,0,23,17,1023583.0,168.5,12.0
184,228.84,2016,10,15,20,15,1011.4,1016.4,1,0,2,2016-10-23-17-20,2016-10-23 17:20:00,0,0,1,0,0,0,0,0,0,0,0,0,0,0,1,0,0,0,1,0,0,1,0,0,0,0,0,0,0,0,0,0,0,0,1,0,0,0,1,0,0,0,0,1,0,0,0,0,0,0,1,1,0,0,23,17,1019545.0,83.7857142857,14.0
185,218.15,2016,10,15,20,15,1011.4,1016.4,1,0,3,2016-10-23-17-20,2016-10-23 17:20:00,0,0,1,0,0,0,0,0,0,0,0,0,0,0,1,0,0,0,1,0,0,1,0,0,0,0,0,0,0,0,0,0,0,0,1,0,0,0,1,0,0,0,0,1,0,0,0,0,0,0,1,1,0,0,23,17,1021826.0,144.5,20.0
186,29.4,2016,10,15,40,15,1011.4,1016.4,1,0,1,2016-10-23-17-40,2016-10-23 17:40:00,0,0,1,0,0,0,0,0,0,0,0,0,0,0,1,0,0,0,1,0,0,0,1,0,0,0,0,0,0,0,0,0,0,0,1,0,0,0,1,0,0,0,0,1,0,0,0,0,0,0,1,1,0,0,23,17,1028877.0,133.25,12.0
187,235.01,2016,10,15,40,15,1011.4,1016.4,1,0,2,2016-10-23-17-40,2016-10-23 17:40:00,0,0,1,0,0,0,0,0,0,0,0,0,0,0,1,0,0,0,1,0,0,0,1,0,0,0,0,0,0,0,0,0,0,0,1,0,0,0,1,0,0,0,0,1,0,0,0,0,0,0,1,1,0,0,23,17,1029373.0,90.6153846154,13.0
188,263.66,2016,10,15,40,15,1011.4,1016.4,1,0,3,2016-10-23-17-40,2016-10-23 17:40:00,0,0,1,0,0,0,0,0,0,0,0,0,0,0,1,0,0,0,1,0,0,0,1,0,0,0,0,0,0,0,0,0,0,0,1,0,0,0,1,0,0,0,0,1,0,0,0,0,0,0,1,1,0,0,23,17,1025957.0,182.75862069,29.0
189,94.37,2016,10,18,0,18,1011.0,1016.0,1,0,1,2016-10-23-18-0,2016-10-23 18:00:00,0,0,1,0,0,0,0,0,0,0,0,0,0,0,1,0,0,0,0,1,1,0,0,0,1,0,0,0,0,0,0,0,0,0,0,0,0,1,0,0,0,0,0,1,0,0,0,0,0,0,1,1,0,0,23,18,1022974.0,144.7,10.0
190,246.71,2016,10,18,0,18,1011.0,1016.0,1,0,2,2016-10-23-18-0,2016-10-23 18:00:00,0,0,1,0,0,0,0,0,0,0,0,0,0,0,1,0,0,0,0,1,1,0,0,0,1,0,0,0,0,0,0,0,0,0,0,0,0,1,0,0,0,0,0,1,0,0,0,0,0,0,1,1,0,0,23,18,1019920.0,70.8461538462,13.0
191,242.17,2016,10,18,0,18,1011.0,1016.0,1,0,3,2016-10-23-18-0,2016-10-23 18:00:00,0,0,1,0,0,0,0,0,0,0,0,0,0,0,1,0,0,0,0,1,1,0,0,0,1,0,0,0,0,0,0,0,0,0,0,0,0,1,0,0,0,0,0,1,0,0,0,0,0,0,1,1,0,0,23,18,1021384.0,134.92,25.0
192,96.65,2016,10,18,20,18,1011.0,1016.0,1,0,1,2016-10-23-18-20,2016-10-23 18:20:00,0,0,1,0,0,0,0,0,0,0,0,0,0,0,1,0,0,0,0,1,0,1,0,0,1,0,0,0,0,0,0,0,0,0,0,0,0,1,0,0,0,0,0,1,0,0,0,0,0,0,1,1,0,0,23,18,1039713.0,177.0,3.0
193,275.09,2016,10,18,20,18,1011.0,1016.0,1,0,2,2016-10-23-18-20,2016-10-23 18:20:00,0,0,1,0,0,0,0,0,0,0,0,0,0,0,1,0,0,0,0,1,0,1,0,0,1,0,0,0,0,0,0,0,0,0,0,0,0,1,0,0,0,0,0,1,0,0,0,0,0,0,1,1,0,0,23,18,1019103.0,74.8571428571,14.0
194,223.27,2016,10,18,20,18,1011.0,1016.0,1,0,3,2016-10-23-18-20,2016-10-23 18:20:00,0,0,1,0,0,0,0,0,0,0,0,0,0,0,1,0,0,0,0,1,0,1,0,0,1,0,0,0,0,0,0,0,0,0,0,0,0,1,0,0,0,0,0,1,0,0,0,0,0,0,1,1,0,0,23,18,1029351.0,139.545454545,11.0
195,278.14,2016,10,18,40,18,1011.0,1016.0,1,0,1,2016-10-23-18-40,2016-10-23 18:40:00,0,0,1,0,0,0,0,0,0,0,0,0,0,0,1,0,0,0,0,1,0,0,1,0,1,0,0,0,0,0,0,0,0,0,0,0,0,1,0,0,0,0,0,1,0,0,0,0,0,0,1,1,0,0,23,18,1030206.0,256.636363636,11.0
196,54.87,2016,10,18,40,18,1011.0,1016.0,1,0,2,2016-10-23-18-40,2016-10-23 18:40:00,0,0,1,0,0,0,0,0,0,0,0,0,0,0,1,0,0,0,0,1,0,0,1,0,1,0,0,0,0,0,0,0,0,0,0,0,0,1,0,0,0,0,0,1,0,0,0,0,0,0,1,1,0,0,23,18,1023747.0,71.0666666667,15.0
197,90.68,2016,10,18,40,18,1011.0,1016.0,1,0,3,2016-10-23-18-40,2016-10-23 18:40:00,0,0,1,0,0,0,0,0,0,0,0,0,0,0,1,0,0,0,0,1,0,0,1,0,1,0,0,0,0,0,0,0,0,0,0,0,0,1,0,0,0,0,0,1,0,0,0,0,0,0,1,1,0,0,23,18,1022470.0,104.481481481,27.0
198,198.5,2016,10,6,0,6,1009.1,1014.1,1,0,1,2016-10-23-8-0,2016-10-23 08:00:00,0,0,1,0,0,0,0,0,0,0,0,0,0,0,1,0,1,0,0,0,1,0,0,1,0,0,0,0,0,0,0,0,0,0,0,0,0,0,0,0,1,0,0,0,1,0,0,0,0,1,0,1,0,0,23,8,1002858.0,114.75,4.0
199,27.16,2016,10,6,0,6,1009.1,1014.1,1,0,2,2016-10-23-8-0,2016-10-23 08:00:00,0,0,1,0,0,0,0,0,0,0,0,0,0,0,1,0,1,0,0,0,1,0,0,1,0,0,0,0,0,0,0,0,0,0,0,0,0,0,0,0,1,0,0,0,1,0,0,0,0,1,0,1,0,0,23,8,1021170.40891,114.212579124,9.2995951417
200,80.57,2016,10,6,0,6,1009.1,1014.1,1,0,3,2016-10-23-8-0,2016-10-23 08:00:00,0,0,1,0,0,0,0,0,0,0,0,0,0,0,1,0,1,0,0,0,1,0,0,1,0,0,0,0,0,0,0,0,0,0,0,0,0,0,0,0,1,0,0,0,1,0,0,0,0,1,0,1,0,0,23,8,1007600.0,92.6666666667,3.0
201,121.71,2016,10,6,20,6,1009.1,1014.1,1,0,1,2016-10-23-8-20,2016-10-23 08:20:00,0,0,1,0,0,0,0,0,0,0,0,0,0,0,1,0,1,0,0,0,0,1,0,1,0,0,0,0,0,0,0,0,0,0,0,0,0,0,0,0,1,0,0,0,1,0,0,0,0,1,0,1,0,0,23,8,1000813.0,152.0,1.0
202,216.13,2016,10,6,20,6,1009.1,1014.1,1,0,2,2016-10-23-8-20,2016-10-23 08:20:00,0,0,1,0,0,0,0,0,0,0,0,0,0,0,1,0,1,0,0,0,0,1,0,1,0,0,0,0,0,0,0,0,0,0,0,0,0,0,0,0,1,0,0,0,1,0,0,0,0,1,0,1,0,0,23,8,1011739.0,68.3333333333,3.0
203,244.42,2016,10,6,20,6,1009.1,1014.1,1,0,3,2016-10-23-8-20,2016-10-23 08:20:00,0,0,1,0,0,0,0,0,0,0,0,0,0,0,1,0,1,0,0,0,0,1,0,1,0,0,0,0,0,0,0,0,0,0,0,0,0,0,0,0,1,0,0,0,1,0,0,0,0,1,0,1,0,0,23,8,1023817.0,88.6,5.0
204,170.09,2016,10,6,40,6,1009.1,1014.1,1,0,1,2016-10-23-8-40,2016-10-23 08:40:00,0,0,1,0,0,0,0,0,0,0,0,0,0,0,1,0,1,0,0,0,0,0,1,1,0,0,0,0,0,0,0,0,0,0,0,0,0,0,0,0,1,0,0,0,1,0,0,0,0,1,0,1,0,0,23,8,1001980.0,184.333333333,3.0
205,191.69,2016,10,6,40,6,1009.1,1014.1,1,0,2,2016-10-23-8-40,2016-10-23 08:40:00,0,0,1,0,0,0,0,0,0,0,0,0,0,0,1,0,1,0,0,0,0,0,1,1,0,0,0,0,0,0,0,0,0,0,0,0,0,0,0,0,1,0,0,0,1,0,0,0,0,1,0,1,0,0,23,8,1025049.0,76.4285714286,7.0
206,209.11,2016,10,6,40,6,1009.1,1014.1,1,0,3,2016-10-23-8-40,2016-10-23 08:40:00,0,0,1,0,0,0,0,0,0,0,0,0,0,0,1,0,1,0,0,0,0,0,1,1,0,0,0,0,0,0,0,0,0,0,0,0,0,0,0,0,1,0,0,0,1,0,0,0,0,1,0,1,0,0,23,8,1005280.0,116.0,4.0
207,263.95,2016,10,9,0,9,1009.9,1014.9,1,0,1,2016-10-23-9-0,2016-10-23 09:00:00,0,0,1,0,0,0,0,0,0,0,0,0,0,0,1,0,0,1,0,0,1,0,0,0,0,0,0,0,0,0,0,0,0,0,0,1,0,0,1,0,0,0,0,0,1,0,0,0,0,1,0,1,0,0,23,9,1020212.0,117.666666667,3.0
208,203.15,2016,10,9,0,9,1009.9,1014.9,1,0,2,2016-10-23-9-0,2016-10-23 09:00:00,0,0,1,0,0,0,0,0,0,0,0,0,0,0,1,0,0,1,0,0,1,0,0,0,0,0,0,0,0,0,0,0,0,0,0,1,0,0,1,0,0,0,0,0,1,0,0,0,0,1,0,1,0,0,23,9,1022930.0,42.6666666667,3.0
209,47.52,2016,10,9,0,9,1009.9,1014.9,1,0,3,2016-10-23-9-0,2016-10-23 09:00:00,0,0,1,0,0,0,0,0,0,0,0,0,0,0,1,0,0,1,0,0,1,0,0,0,0,0,0,0,0,0,0,0,0,0,0,1,0,0,1,0,0,0,0,0,1,0,0,0,0,1,0,1,0,0,23,9,1021700.0,110.6,5.0
210,94.98,2016,10,9,20,9,1009.9,1014.9,1,0,1,2016-10-23-9-20,2016-10-23 09:20:00,0,0,1,0,0,0,0,0,0,0,0,0,0,0,1,0,0,1,0,0,0,1,0,0,0,0,0,0,0,0,0,0,0,0,0,1,0,0,1,0,0,0,0,0,1,0,0,0,0,1,0,1,0,0,23,9,1007528.0,127.0,1.0
211,52.98,2016,10,9,20,9,1009.9,1014.9,1,0,2,2016-10-23-9-20,2016-10-23 09:20:00,0,0,1,0,0,0,0,0,0,0,0,0,0,0,1,0,0,1,0,0,0,1,0,0,0,0,0,0,0,0,0,0,0,0,0,1,0,0,1,0,0,0,0,0,1,0,0,0,0,1,0,1,0,0,23,9,1015889.0,48.8333333333,6.0
212,193.23,2016,10,9,20,9,1009.9,1014.9,1,0,3,2016-10-23-9-20,2016-10-23 09:20:00,0,0,1,0,0,0,0,0,0,0,0,0,0,0,1,0,0,1,0,0,0,1,0,0,0,0,0,0,0,0,0,0,0,0,0,1,0,0,1,0,0,0,0,0,1,0,0,0,0,1,0,1,0,0,23,9,1031898.0,84.6666666667,6.0
213,10.48,2016,10,9,40,9,1009.9,1014.9,1,0,1,2016-10-23-9-40,2016-10-23 09:40:00,0,0,1,0,0,0,0,0,0,0,0,0,0,0,1,0,0,1,0,0,0,0,1,0,0,0,0,0,0,0,0,0,0,0,0,1,0,0,1,0,0,0,0,0,1,0,0,0,0,1,0,1,0,0,23,9,1022985.0,139.5,4.0
214,238.16,2016,10,9,40,9,1009.9,1014.9,1,0,2,2016-10-23-9-40,2016-10-23 09:40:00,0,0,1,0,0,0,0,0,0,0,0,0,0,0,1,0,0,1,0,0,0,0,1,0,0,0,0,0,0,0,0,0,0,0,0,1,0,0,1,0,0,0,0,0,1,0,0,0,0,1,0,1,0,0,23,9,1012272.0,68.6666666667,6.0
215,149.61,2016,10,9,40,9,1009.9,1014.9,1,0,3,2016-10-23-9-40,2016-10-23 09:40:00,0,0,1,0,0,0,0,0,0,0,0,0,0,0,1,0,0,1,0,0,0,0,1,0,0,0,0,0,0,0,0,0,0,0,0,1,0,0,1,0,0,0,0,0,1,0,0,0,0,1,0,1,0,0,23,9,1019444.0,123.375,8.0
216,242.68,2016,10,15,0,15,1008.0,1013.0,1,0,1,2016-10-24-17-0,2016-10-24 17:00:00,0,1,0,1,0,0,0,0,0,0,0,0,0,0,0,1,0,0,1,0,1,0,0,0,0,0,0,0,0,0,0,0,1,0,0,0,0,0,1,0,0,0,0,0,1,0,0,0,0,0,1,1,0,0,24,17,1029513.0,138.333333333,12.0
217,229.32,2016,10,15,0,15,1008.0,1013.0,1,0,2,2016-10-24-17-0,2016-10-24 17:00:00,0,1,0,1,0,0,0,0,0,0,0,0,0,0,0,1,0,0,1,0,1,0,0,0,0,0,0,0,0,0,0,0,1,0,0,0,0,0,1,0,0,0,0,0,1,0,0,0,0,0,1,1,0,0,24,17,1020756.0,97.125,8.0
218,193.18,2016,10,15,0,15,1008.0,1013.0,1,0,3,2016-10-24-17-0,2016-10-24 17:00:00,0,1,0,1,0,0,0,0,0,0,0,0,0,0,0,1,0,0,1,0,1,0,0,0,0,0,0,0,0,0,0,0,1,0,0,0,0,0,1,0,0,0,0,0,1,0,0,0,0,0,1,1,0,0,24,17,1025345.0,126.928571429,14.0
219,96.12,2016,10,15,20,15,1008.0,1013.0,1,0,1,2016-10-24-17-20,2016-10-24 17:20:00,0,1,0,1,0,0,0,0,0,0,0,0,0,0,0,1,0,0,1,0,0,1,0,0,0,0,0,0,0,0,0,0,1,0,0,0,0,0,1,0,0,0,0,0,1,0,0,0,0,0,1,1,0,0,24,17,1024734.0,140.875,8.0
220,14.88,2016,10,15,20,15,1008.0,1013.0,1,0,2,2016-10-24-17-20,2016-10-24 17:20:00,0,1,0,1,0,0,0,0,0,0,0,0,0,0,0,1,0,0,1,0,0,1,0,0,0,0,0,0,0,0,0,0,1,0,0,0,0,0,1,0,0,0,0,0,1,0,0,0,0,0,1,1,0,0,24,17,1020560.0,53.1666666667,12.0
221,24.46,2016,10,15,20,15,1008.0,1013.0,1,0,3,2016-10-24-17-20,2016-10-24 17:20:00,0,1,0,1,0,0,0,0,0,0,0,0,0,0,0,1,0,0,1,0,0,1,0,0,0,0,0,0,0,0,0,0,1,0,0,0,0,0,1,0,0,0,0,0,1,0,0,0,0,0,1,1,0,0,24,17,1028506.0,99.5,18.0
222,250.52,2016,10,15,40,15,1008.0,1013.0,1,0,1,2016-10-24-17-40,2016-10-24 17:40:00,0,1,0,1,0,0,0,0,0,0,0,0,0,0,0,1,0,0,1,0,0,0,1,0,0,0,0,0,0,0,0,0,1,0,0,0,0,0,1,0,0,0,0,0,1,0,0,0,0,0,1,1,0,0,24,17,1018068.0,140.5,4.0
223,100.91,2016,10,15,40,15,1008.0,1013.0,1,0,2,2016-10-24-17-40,2016-10-24 17:40:00,0,1,0,1,0,0,0,0,0,0,0,0,0,0,0,1,0,0,1,0,0,0,1,0,0,0,0,0,0,0,0,0,1,0,0,0,0,0,1,0,0,0,0,0,1,0,0,0,0,0,1,1,0,0,24,17,1026906.0,44.0833333333,12.0
224,40.99,2016,10,15,40,15,1008.0,1013.0,1,0,3,2016-10-24-17-40,2016-10-24 17:40:00,0,1,0,1,0,0,0,0,0,0,0,0,0,0,0,1,0,0,1,0,0,0,1,0,0,0,0,0,0,0,0,0,1,0,0,0,0,0,1,0,0,0,0,0,1,0,0,0,0,0,1,1,0,0,24,17,1028462.0,118.85,20.0
225,229.59,2016,10,18,0,18,1007.3,1012.3,1,0,1,2016-10-24-18-0,2016-10-24 18:00:00,0,1,0,1,0,0,0,0,0,0,0,0,0,0,0,1,0,0,0,1,1,0,0,0,0,0,0,0,0,0,0,0,0,1,0,0,0,0,0,0,1,0,0,0,1,0,0,0,0,0,1,1,0,0,24,18,1031160.0,152.666666667,3.0
226,288.14,2016,10,18,0,18,1007.3,1012.3,1,0,2,2016-10-24-18-0,2016-10-24 18:00:00,0,1,0,1,0,0,0,0,0,0,0,0,0,0,0,1,0,0,0,1,1,0,0,0,0,0,0,0,0,0,0,0,0,1,0,0,0,0,0,0,1,0,0,0,1,0,0,0,0,0,1,1,0,0,24,18,1019177.0,86.2857142857,14.0
227,241.31,2016,10,18,0,18,1007.3,1012.3,1,0,3,2016-10-24-18-0,2016-10-24 18:00:00,0,1,0,1,0,0,0,0,0,0,0,0,0,0,0,1,0,0,0,1,1,0,0,0,0,0,0,0,0,0,0,0,0,1,0,0,0,0,0,0,1,0,0,0,1,0,0,0,0,0,1,1,0,0,24,18,1025755.0,116.266666667,15.0
228,41.77,2016,10,18,20,18,1007.3,1012.3,1,0,1,2016-10-24-18-20,2016-10-24 18:20:00,0,1,0,1,0,0,0,0,0,0,0,0,0,0,0,1,0,0,0,1,0,1,0,0,0,0,0,0,0,0,0,0,0,1,0,0,0,0,0,0,1,0,0,0,1,0,0,0,0,0,1,1,0,0,24,18,1030577.0,143.8,10.0
229,57.52,2016,10,18,20,18,1007.3,1012.3,1,0,2,2016-10-24-18-20,2016-10-24 18:20:00,0,1,0,1,0,0,0,0,0,0,0,0,0,0,0,1,0,0,0,1,0,1,0,0,0,0,0,0,0,0,0,0,0,1,0,0,0,0,0,0,1,0,0,0,1,0,0,0,0,0,1,1,0,0,24,18,1025597.0,71.1428571429,7.0
230,10.9,2016,10,18,20,18,1007.3,1012.3,1,0,3,2016-10-24-18-20,2016-10-24 18:20:00,0,1,0,1,0,0,0,0,0,0,0,0,0,0,0,1,0,0,0,1,0,1,0,0,0,0,0,0,0,0,0,0,0,1,0,0,0,0,0,0,1,0,0,0,1,0,0,0,0,0,1,1,0,0,24,18,1022609.0,91.5,8.0
231,180.91,2016,10,18,40,18,1007.3,1012.3,1,0,1,2016-10-24-18-40,2016-10-24 18:40:00,0,1,0,1,0,0,0,0,0,0,0,0,0,0,0,1,0,0,0,1,0,0,1,0,0,0,0,0,0,0,0,0,0,1,0,0,0,0,0,0,1,0,0,0,1,0,0,0,0,0,1,1,0,0,24,18,1020250.0,139.833333333,6.0
232,82.7,2016,10,18,40,18,1007.3,1012.3,1,0,2,2016-10-24-18-40,2016-10-24 18:40:00,0,1,0,1,0,0,0,0,0,0,0,0,0,0,0,1,0,0,0,1,0,0,1,0,0,0,0,0,0,0,0,0,0,1,0,0,0,0,0,0,1,0,0,0,1,0,0,0,0,0,1,1,0,0,24,18,1022920.0,60.125,8.0
233,177.65,2016,10,18,40,18,1007.3,1012.3,1,0,3,2016-10-24-18-40,2016-10-24 18:40:00,0,1,0,1,0,0,0,0,0,0,0,0,0,0,0,1,0,0,0,1,0,0,1,0,0,0,0,0,0,0,0,0,0,1,0,0,0,0,0,0,1,0,0,0,1,0,0,0,0,0,1,1,0,0,24,18,1023647.0,132.285714286,14.0
234,189.78,2016,10,6,0,6,1007.7,1012.7,1,0,1,2016-10-24-8-0,2016-10-24 08:00:00,0,1,0,1,0,0,0,0,0,0,0,0,0,0,0,1,1,0,0,0,1,0,0,0,0,0,0,0,0,0,1,0,0,0,0,0,0,0,1,0,0,0,0,0,0,0,1,1,0,0,0,1,0,0,24,8,1015976.0,129.75,8.0
235,173.27,2016,10,6,0,6,1007.7,1012.7,1,0,2,2016-10-24-8-0,2016-10-24 08:00:00,0,1,0,1,0,0,0,0,0,0,0,0,0,0,0,1,1,0,0,0,1,0,0,0,0,0,0,0,0,0,1,0,0,0,0,0,0,0,1,0,0,0,0,0,0,0,1,1,0,0,0,1,0,0,24,8,1020086.0,40.6666666667,6.0
236,47.66,2016,10,6,0,6,1007.7,1012.7,1,0,3,2016-10-24-8-0,2016-10-24 08:00:00,0,1,0,1,0,0,0,0,0,0,0,0,0,0,0,1,1,0,0,0,1,0,0,0,0,0,0,0,0,0,1,0,0,0,0,0,0,0,1,0,0,0,0,0,0,0,1,1,0,0,0,1,0,0,24,8,1022420.0,105.6,5.0
237,193.35,2016,10,6,20,6,1007.7,1012.7,1,0,1,2016-10-24-8-20,2016-10-24 08:20:00,0,1,0,1,0,0,0,0,0,0,0,0,0,0,0,1,1,0,0,0,0,1,0,0,0,0,0,0,0,0,1,0,0,0,0,0,0,0,1,0,0,0,0,0,0,0,1,1,0,0,0,1,0,0,24,8,1021170.40891,114.212579124,9.2995951417
238,109.6,2016,10,6,20,6,1007.7,1012.7,1,0,2,2016-10-24-8-20,2016-10-24 08:20:00,0,1,0,1,0,0,0,0,0,0,0,0,0,0,0,1,1,0,0,0,0,1,0,0,0,0,0,0,0,0,1,0,0,0,0,0,0,0,1,0,0,0,0,0,0,0,1,1,0,0,0,1,0,0,24,8,1027496.0,49.5714285714,7.0
239,63.12,2016,10,6,20,6,1007.7,1012.7,1,0,3,2016-10-24-8-20,2016-10-24 08:20:00,0,1,0,1,0,0,0,0,0,0,0,0,0,0,0,1,1,0,0,0,0,1,0,0,0,0,0,0,0,0,1,0,0,0,0,0,0,0,1,0,0,0,0,0,0,0,1,1,0,0,0,1,0,0,24,8,1006429.0,123.333333333,6.0
240,155.33,2016,10,6,40,6,1007.7,1012.7,1,0,1,2016-10-24-8-40,2016-10-24 08:40:00,0,1,0,1,0,0,0,0,0,0,0,0,0,0,0,1,1,0,0,0,0,0,1,0,0,0,0,0,0,0,1,0,0,0,0,0,0,0,1,0,0,0,0,0,0,0,1,1,0,0,0,1,0,0,24,8,1017864.0,158.5,4.0
241,73.24,2016,10,6,40,6,1007.7,1012.7,1,0,2,2016-10-24-8-40,2016-10-24 08:40:00,0,1,0,1,0,0,0,0,0,0,0,0,0,0,0,1,1,0,0,0,0,0,1,0,0,0,0,0,0,0,1,0,0,0,0,0,0,0,1,0,0,0,0,0,0,0,1,1,0,0,0,1,0,0,24,8,1016063.0,36.8,5.0
242,248.12,2016,10,6,40,6,1007.7,1012.7,1,0,3,2016-10-24-8-40,2016-10-24 08:40:00,0,1,0,1,0,0,0,0,0,0,0,0,0,0,0,1,1,0,0,0,0,0,1,0,0,0,0,0,0,0,1,0,0,0,0,0,0,0,1,0,0,0,0,0,0,0,1,1,0,0,0,1,0,0,24,8,1019681.0,140.875,8.0
243,73.23,2016,10,9,0,9,1007.3,1012.3,1,0,1,2016-10-24-9-0,2016-10-24 09:00:00,0,1,0,1,0,0,0,0,0,0,0,0,0,0,0,1,0,1,0,0,1,0,0,0,0,0,0,0,0,1,0,0,0,0,0,0,0,1,0,0,0,0,0,0,0,1,0,0,1,0,0,1,0,0,24,9,1015462.0,147.285714286,7.0
244,266.21,2016,10,9,0,9,1007.3,1012.3,1,0,2,2016-10-24-9-0,2016-10-24 09:00:00,0,1,0,1,0,0,0,0,0,0,0,0,0,0,0,1,0,1,0,0,1,0,0,0,0,0,0,0,0,1,0,0,0,0,0,0,0,1,0,0,0,0,0,0,0,1,0,0,1,0,0,1,0,0,24,9,1017326.0,75.0,8.0
245,256.36,2016,10,9,0,9,1007.3,1012.3,1,0,3,2016-10-24-9-0,2016-10-24 09:00:00,0,1,0,1,0,0,0,0,0,0,0,0,0,0,0,1,0,1,0,0,1,0,0,0,0,0,0,0,0,1,0,0,0,0,0,0,0,1,0,0,0,0,0,0,0,1,0,0,1,0,0,1,0,0,24,9,1022924.0,156.818181818,11.0
246,100.94,2016,10,9,20,9,1007.3,1012.3,1,0,1,2016-10-24-9-20,2016-10-24 09:20:00,0,1,0,1,0,0,0,0,0,0,0,0,0,0,0,1,0,1,0,0,0,1,0,0,0,0,0,0,0,1,0,0,0,0,0,0,0,1,0,0,0,0,0,0,0,1,0,0,1,0,0,1,0,0,24,9,1039322.0,235.666666667,3.0
247,11.08,2016,10,9,20,9,1007.3,1012.3,1,0,2,2016-10-24-9-20,2016-10-24 09:20:00,0,1,0,1,0,0,0,0,0,0,0,0,0,0,0,1,0,1,0,0,0,1,0,0,0,0,0,0,0,1,0,0,0,0,0,0,0,1,0,0,0,0,0,0,0,1,0,0,1,0,0,1,0,0,24,9,1016403.0,53.4285714286,7.0
248,259.68,2016,10,9,20,9,1007.3,1012.3,1,0,3,2016-10-24-9-20,2016-10-24 09:20:00,0,1,0,1,0,0,0,0,0,0,0,0,0,0,0,1,0,1,0,0,0,1,0,0,0,0,0,0,0,1,0,0,0,0,0,0,0,1,0,0,0,0,0,0,0,1,0,0,1,0,0,1,0,0,24,9,1020718.0,155.357142857,14.0
249,42.14,2016,10,9,40,9,1007.3,1012.3,1,0,1,2016-10-24-9-40,2016-10-24 09:40:00,0,1,0,1,0,0,0,0,0,0,0,0,0,0,0,1,0,1,0,0,0,0,1,0,0,0,0,0,0,1,0,0,0,0,0,0,0,1,0,0,0,0,0,0,0,1,0,0,1,0,0,1,0,0,24,9,1014588.0,206.0,2.0
250,36.23,2016,10,9,40,9,1007.3,1012.3,1,0,2,2016-10-24-9-40,2016-10-24 09:40:00,0,1,0,1,0,0,0,0,0,0,0,0,0,0,0,1,0,1,0,0,0,0,1,0,0,0,0,0,0,1,0,0,0,0,0,0,0,1,0,0,0,0,0,0,0,1,0,0,1,0,0,1,0,0,24,9,1027254.0,77.8,10.0
251,283.05,2016,10,9,40,9,1007.3,1012.3,1,0,3,2016-10-24-9-40,2016-10-24 09:40:00,0,1,0,1,0,0,0,0,0,0,0,0,0,0,0,1,0,1,0,0,0,0,1,0,0,0,0,0,0,1,0,0,0,0,0,0,0,1,0,0,0,0,0,0,0,1,0,0,1,0,0,1,0,0,24,9,1021586.0,172.444444444,9.0
